ID,Institution,Ranking1,Ranking2,Ranking3,TS,SaT,SaC,Expenditure,SSR,CP,Continuation,VAS,ET,SaF,AccountingFinanceRank,AccountingFinanceGS,AccountingFinanceSaT,AccountingFinanceSaC,AccountingFinanceContinuation,AgricultureForestryFoodRank,AgricultureForestryFoodGS,AgricultureForestryFoodSaT,AgricultureForestryFoodSaC,AgricultureForestryFoodContinuation,AmericanStudiesRank,AmericanStudiesGS,AmericanStudiesSaT,AmericanStudiesSaC,AmericanStudiesContinuation,AnatomyPhysiologyRank,AnatomyPhysiologyGS,AnatomyPhysiologySaT,AnatomyPhysiologySaC,AnatomyPhysiologyContinuation,AnthropologyRank,AnthropologyGS,AnthropologySaT,AnthropologySaC,AnthropologyContinuation,ArchitectureRank,ArchitectureGS,ArchitectureSaT,ArchitectureSaC,ArchitectureContinuation,ArtRank,ArtGS,ArtSaT,ArtSaC,ArtContinuation,BiosciencesRank,BiosciencesGS,BiosciencesSaT,BiosciencesSaC,BiosciencesContinuation,BuildingandtownandcountryplanningRank,BuildingandtownandcountryplanningGS,BuildingandtownandcountryplanningSaT,BuildingandtownandcountryplanningSaC,BuildingandtownandcountryplanningContinuation,BusinessManagementMarketingRank,BusinessManagementMarketingGS,BusinessManagementMarketingSaT,BusinessManagementMarketingSaC,BusinessManagementMarketingContinuation,ChemistryRank,ChemistryGS,ChemistrySaT,ChemistrySaC,ChemistryContinuation,ClassicsAncientHistoryRank,ClassicsAncientHistoryGS,ClassicsAncientHistorySaT,ClassicsAncientHistorySaC,ClassicsAncientHistoryContinuation,ComputerScienceInformationSystemsRank,ComputerScienceInformationSystemsGS,ComputerScienceInformationSystemsSaT,ComputerScienceInformationSystemsSaC,ComputerScienceInformationSystemsContinuation,CriminologyRank,CriminologyGS,CriminologySaT,CriminologySaC,CriminologyContinuation,DentisitryRank,DentisitryGS,DentisitrySaT,DentisitrySaC,DentisitryContinuation,DesignCraftsRank,DesignCraftsGS,DesignCraftsSaT,DesignCraftsSaC,DesignCraftsContinuation,DramaDanceRank,DramaDanceGS,DramaDanceSaT,DramaDanceSaC,DramaDanceContinuation,EarthMarineSciencesRank,EarthMarineSciencesGS,EarthMarineSciencesSaT,EarthMarineSciencesSaC,EarthMarineSciencesContinuation,EconomicsRank,EconomicsGS,EconomicsSaT,EconomicsSaC,EconomicsContinuation,EducationRank,EducationGS,EducationSaT,EducationSaC,EducationContinuation,EngineeringChemicalRank,EngineeringChemicalGS,EngineeringChemicalSaT,EngineeringChemicalSaC,EngineeringChemicalContinuation,EngineeringCivilRank,EngineeringCivilGS,EngineeringCivilSaT,EngineeringCivilSaC,EngineeringCivilContinuation,EngineeringElectronicElectricalRank,EngineeringElectronicElectricalGS,EngineeringElectronicElectricalSaT,EngineeringElectronicElectricalSaC,EngineeringElectronicElectricalContinuation,EngineeringGeneralRank,EngineeringGeneralGS,EngineeringGeneralSaT,EngineeringGeneralSaC,EngineeringGeneralContinuation,EngineeringMaterialsMineralRank,EngineeringMaterialsMineralGS,EngineeringMaterialsMineralSaT,EngineeringMaterialsMineralSaC,EngineeringMaterialsMineralContinuation,EngineeringMechanicalRank,EngineeringMechanicalGS,EngineeringMechanicalSaT,EngineeringMechanicalSaC,EngineeringMechanicalContinuation,EnglishCreativeWritingRank,EnglishCreativeWritingGS,EnglishCreativeWritingSaT,EnglishCreativeWritingSaC,EnglishCreativeWritingContinuation,FashionTextilesRank,FashionTextilesGS,FashionTextilesSaT,FashionTextilesSaC,FashionTextilesContinuation,FilmProductionPhotographyRank,FilmProductionPhotographyGS,FilmProductionPhotographySaT,FilmProductionPhotographySaC,FilmProductionPhotographyContinuation,ForensicScienceArchaeologyRank,ForensicScienceArchaeologyGS,ForensicScienceArchaeologySaT,ForensicScienceArchaeologySaC,ForensicScienceArchaeologyContinuation,GeographyEnvironmentalStudiesRank,GeographyEnvironmentalStudiesGS,GeographyEnvironmentalStudiesSaT,GeographyEnvironmentalStudiesSaC,GeographyEnvironmentalStudiesContinuation,HealthProfessionsRank,HealthProfessionsGS,HealthProfessionsSaT,HealthProfessionsSaC,HealthProfessionsContinuation,HistoryRank,HistoryGS,HistorySaT,HistorySaC,HistoryContinuation,HistoryofArtRank,HistoryofArtGS,HistoryofArtSaT,HistoryofArtSaC,HistoryofArtContinuation,HospitalityEventManagementTourismRank,HospitalityEventManagementTourismGS,HospitalityEventManagementTourismSaT,HospitalityEventManagementTourismSaC,HospitalityEventManagementTourismContinuation,JournalismPublishingPublicRelationsRank,JournalismPublishingPublicRelationsGS,JournalismPublishingPublicRelationsSaT,JournalismPublishingPublicRelationsSaC,JournalismPublishingPublicRelationsContinuation,MathematicsRank,MathematicsGS,MathematicsSaT,MathematicsSaC,MathematicsContinuation,MediaFilmStudiesRank,MediaFilmStudiesGS,MediaFilmStudiesSaT,MediaFilmStudiesSaC,MediaFilmStudiesContinuation,MedicineRank,MedicineGS,MedicineSaT,MedicineSaC,MedicineContinuation,ModernLanguagesLinguisticsRank,ModernLanguagesLinguisticsGS,ModernLanguagesLinguisticsSaT,ModernLanguagesLinguisticsSaC,ModernLanguagesLinguisticsContinuation,MusicRank,MusicGS,MusicSaT,MusicSaC,MusicContinuation,NursingMidwiferyRank,NursingMidwiferyGS,NursingMidwiferySaT,NursingMidwiferySaC,NursingMidwiferyContinuation,PharmacyPharmacologyRank,PharmacyPharmacologyGS,PharmacyPharmacologySaT,PharmacyPharmacologySaC,PharmacyPharmacologyContinuation,PhilosophyRank,PhilosophyGS,PhilosophySaT,PhilosophySaC,PhilosophyContinuation,PhysicsRank,PhysicsGS,PhysicsSaT,PhysicsSaC,PhysicsContinuation,PoliticsRank,PoliticsGS,PoliticsSaT,PoliticsSaC,PoliticsContinuation,PsychologyRank,PsychologyGS,PsychologySaT,PsychologySaC,PsychologyContinuation,ReligiousstudiesandtheologyRank,ReligiousstudiesandtheologyGS,ReligiousstudiesandtheologySaT,ReligiousstudiesandtheologySaC,ReligiousstudiesandtheologyContinuation,SocialPolicyAdministrationRank,SocialPolicyAdministrationGS,SocialPolicyAdministrationSaT,SocialPolicyAdministrationSaC,SocialPolicyAdministrationContinuation,SocialWorkRank,SocialWorkGS,SocialWorkSaT,SocialWorkSaC,SocialWorkContinuation,SociologyRank,SociologyGS,SociologySaT,SociologySaC,SociologyContinuation,SportsscienceRank,SportsscienceGS,SportsscienceSaT,SportsscienceSaC,SportsscienceContinuation,VeterinaryScienceRank,VeterinaryScienceGS,VeterinaryScienceSaT,VeterinaryScienceSaC,VeterinaryScienceContinuation
1,Cambridge,1,1,1,100,91,89,9.7,11,88,99,5.8,225,70,0,0,0,0,0,0,0,0,0,0,0,0,0,0,0,0,0,0,0,0,0,0,0,0,0,2,99.2,90,90,0,0,0,0,0,0,2,99.1,93,93,99,1,100,81,83,0,0,0,0,0,0,0,0,0,0,0,1,100,95,92,100,2,97.5,91,88,98,0,0,0,0,0,0,0,0,0,0,0,0,0,0,0,0,0,0,0,0,0,0,0,0,0,2,96,83,82,99,1,100,92,95,0,1,100,90,90,0,0,0,0,0,0,0,0,0,0,0,1,100,87,89,98,0,0,0,0,0,0,0,0,0,0,7,86.2,91,90,98,0,0,0,0,0,0,0,0,0,0,1,100,89,86,99,3,95.5,90,85,100,0,0,0,0,0,1,100,96,96,99,2,98.6,96,96,0,0,0,0,0,0,0,0,0,0,0,3,97.2,95,93,99,0,0,0,0,0,1,100,89,77,99,1,100,92,84,100,24,82.9,80,59,99,0,0,0,0,0,0,0,0,0,0,1,100,91,87,99,0,0,0,0,0,2,91.9,88,83,99,3,94,92,84,97,1,100,96,96,97,0,0,0,0,0,0,0,0,0,0,1,100,88,84,99,0,0,0,0,0,5,73.2,84,77,100,
2,Oxford,2,2,2,97.4,92,90,9.9,10.5,85,99,6.6,217,68,0,0,0,0,0,0,0,0,0,0,0,0,0,0,0,0,0,0,0,0,1,100,95,89,0,0,0,0,0,0,0,0,0,0,0,2,99.1,90,86,98,0,0,0,0,0,1,100,0,0,0,1,100,87,80,100,2,84.9,95,91,98,3,89.8,0,0,0,0,0,0,0,0,0,0,0,0,0,0,0,0,0,0,0,0,0,0,0,2,82.1,88,83,0,1,100,90,90,99,0,0,0,0,0,0,0,0,0,0,0,0,0,0,0,0,0,0,0,0,4,95.1,84,85,99,1,100,93,95,0,0,0,0,0,0,3,91.2,95,95,99,0,0,0,0,0,0,0,0,0,0,4,87.4,95,89,0,1,100,94,93,100,0,0,0,0,0,3,94.4,94,93,100,3,93.5,94,93,0,0,0,0,0,0,0,0,0,0,0,1,100,91,86,96,0,0,0,0,0,2,99.8,96,95,98,2,99.7,92,87,97,11,89,97,93,99,0,0,0,0,0,0,0,0,0,0,3,89.3,91,86,99,4,83.9,89,85,97,3,87.4,92,89,99,4,92,95,100,97,9,71,88,88,99,0,0,0,0,0,0,0,0,0,0,0,0,0,0,0,0,0,0,0,0,0,0,0,0,0,
3,St Andrews,3,3,3,97.2,94,93,5.2,11.6,82,97,7.1,206,82,0,0,0,0,0,0,0,0,0,0,0,0,0,0,0,0,0,0,0,0,6,90.9,98,97,0,0,0,0,0,0,0,0,0,0,0,1,100,97,97,97,0,0,0,0,0,2,91,94,90,0,24,72.9,81,85,95,4,81.1,99,98,99,1,100,90,88,0,0,0,0,0,0,0,0,0,0,0,0,0,0,0,0,0,0,0,0,0,3,78.4,93,93,0,3,95.7,88,88,99,0,0,0,0,0,0,0,0,0,0,0,0,0,0,0,0,0,0,0,0,0,0,0,0,0,0,0,0,0,0,0,0,0,0,0,2,94.7,97,98,98,0,0,0,0,0,0,0,0,0,0,0,0,0,0,0,5,90.7,91,87,97,0,0,0,0,0,4,93.4,97,95,98,5,90.7,97,97,0,0,0,0,0,0,0,0,0,0,0,2,97.4,94,96,98,0,0,0,0,0,15,79.3,96,94,0,5,94.3,92,91,97,0,0,0,0,0,0,0,0,0,0,0,0,0,0,0,2,93.4,97,100,96,1,100,95,96,97,1,100,97,96,98,1,100,94,93,99,2,98.9,99,99,0,0,0,0,0,0,0,0,0,0,0,0,0,0,0,0,0,0,0,0,0,0,0,0,0,0,
4,Loughborough,4,6,4,87.9,89,90,6.3,13.8,82,96,6.1,162,75,2,99.3,89,95,96,0,0,0,0,0,0,0,0,0,0,15,70.6,95,95,0,0,0,0,0,0,0,0,0,0,0,54,45.4,78,71,93,0,0,0,0,0,6,88.2,76,76,95,5,83.3,90,94,98,4,93.1,97,98,97,0,0,0,0,0,4,86.8,96,93,94,0,0,0,0,0,0,0,0,0,0,4,98.3,89,85,96,25,79.4,86,81,0,0,0,0,0,0,17,80.4,93,94,96,0,0,0,0,0,10,48.4,87,92,97,6,80.6,94,96,96,9,89.7,88,89,88,7,77.6,96,90,0,2,87.4,92,93,93,5,92.8,87,90,97,13,82.1,90,91,99,3,94.7,89,85,95,0,0,0,0,0,0,0,0,0,0,4,93.5,95,95,99,0,0,0,0,0,13,79.4,94,96,98,0,0,0,0,0,0,0,0,0,0,0,0,0,0,0,7,83.2,92,96,95,4,98.1,89,93,92,0,0,0,0,0,0,0,0,0,0,0,0,0,0,0,0,0,0,0,0,0,0,0,0,0,0,0,0,0,0,22,64.9,86,87,94,5,81.1,97,95,97,9,77.8,92,91,97,0,0,0,0,0,4,88.4,89,84,0,0,0,0,0,0,9,80.8,86,91,95,3,95.3,93,92,98,0,0,0,0,0,
5,Durham,6,4,5,87.6,89,89,5.1,14.9,84,97,6.7,198,76,23,84,81,86,93,0,0,0,0,0,0,0,0,0,0,0,0,0,0,0,17,51.5,85,85,98,0,0,0,0,0,0,0,0,0,0,8,87.9,89,94,97,0,0,0,0,0,9,78.1,75,83,99,6,88.4,90,97,97,3,82.6,93,94,100,7,81.1,85,96,99,11,78.3,85,85,92,0,0,0,0,0,0,0,0,0,0,0,0,0,0,0,5,71.7,95,91,96,14,81.8,78,81,97,3,88.7,90,88,97,0,0,0,0,0,0,0,0,0,0,0,0,0,0,0,5,83.5,82,85,96,0,0,0,0,0,0,0,0,0,0,1,100,97,96,100,0,0,0,0,0,0,0,0,0,0,6,84.2,94,98,95,2,98.1,94,92,99,0,0,0,0,0,2,96.7,97,93,99,0,0,0,0,0,0,0,0,0,0,0,0,0,0,0,8,82.4,86,89,97,0,0,0,0,0,0,0,0,0,0,4,96.1,95,89,98,1,100,91,88,100,0,0,0,0,0,0,0,0,0,0,5,73.7,91,81,97,2,90.7,91,90,97,29,66.5,85,79,98,6,84.2,92,93,97,3,84.7,93,87,99,0,0,0,0,0,0,0,0,0,0,20,76.3,81,81,97,7,88.4,90,92,90,0,0,0,0,0,
6, Bath,10,5,6,84.1,88,88,6.3,15.8,85,97,6.6,186,72,1,100,86,94,98,0,0,0,0,0,0,0,0,0,0,0,0,0,0,0,0,0,0,0,0,3,94.7,97,97,97,0,0,0,0,0,27,80.1,90,87,97,0,0,0,0,0,4,84.2,85,94,99,17,78.8,93,94,96,0,0,0,0,0,15,74.4,77,82,92,0,0,0,0,0,0,0,0,0,0,0,0,0,0,0,0,0,0,0,0,0,0,0,0,0,37,69.7,78,77,97,0,0,0,0,0,7,51.7,82,81,99,9,80,93,88,94,5,94.6,91,95,96,0,0,0,0,0,0,0,0,0,0,2,98.4,90,92,98,0,0,0,0,0,0,0,0,0,0,0,0,0,0,0,0,0,0,0,0,0,0,0,0,0,0,0,0,0,0,0,0,0,0,0,0,0,0,0,0,0,0,0,0,0,0,0,0,0,0,14,78.7,87,90,97,0,0,0,0,0,0,0,0,0,0,16,83.5,89,87,96,0,0,0,0,0,0,0,0,0,0,24,64.9,88,87,96,0,0,0,0,0,15,70.8,91,89,98,35,64.3,87,89,98,2,96.3,88,87,99,0,0,0,0,0,6,86.3,85,79,0,5,92.8,84,90,96,5,87,86,84,93,2,97.1,95,88,94,0,0,0,0,0,
7,Imperial College,7,6,7,83.3,85,83,8.6,11.4,90,96,5.7,219,65,0,0,0,0,0,0,0,0,0,0,0,0,0,0,0,0,0,0,0,0,0,0,0,0,0,0,0,0,0,0,0,0,0,0,0,13,86,85,82,96,0,0,0,0,0,0,0,0,0,0,37,64.8,82,81,89,0,0,0,0,0,5,85.3,85,85,97,0,0,0,0,0,0,0,0,0,0,0,0,0,0,0,0,0,0,0,0,1,100,97,97,100,0,0,0,0,0,0,0,0,0,0,4,70.1,84,84,97,1,100,90,95,0,4,97.8,87,86,96,3,95.8,93,96,0,6,65.4,83,87,97,1,100,81,82,97,0,0,0,0,0,0,0,0,0,0,0,0,0,0,0,0,0,0,0,0,0,0,0,0,0,0,0,0,0,0,0,0,0,0,0,0,0,0,0,0,0,0,0,0,0,0,0,0,0,0,21,77.9,82,78,92,0,0,0,0,0,11,87.6,87,90,98,0,0,0,0,0,0,0,0,0,0,0,0,0,0,0,0,0,0,0,0,0,0,0,0,0,32,54.9,80,67,95,0,0,0,0,0,0,0,0,0,0,0,0,0,0,0,0,0,0,0,0,0,0,0,0,0,0,0,0,0,0,0,0,0,0,0,0,0,0,0,0,
8,Warwick,9,8,8,80.9,87,88,7.8,12.8,80,95,5.8,182,71,9,88.7,79,81,96,0,0,0,0,0,0,0,0,0,0,0,0,0,0,0,0,0,0,0,0,0,0,0,0,0,0,0,0,0,0,4,93.1,91,87,96,0,0,0,0,0,3,84.6,82,86,98,20,77.7,93,88,96,11,57.4,92,89,95,6,82.9,94,96,92,0,0,0,0,0,0,0,0,0,0,0,0,0,0,0,9,87.4,96,90,97,0,0,0,0,0,7,87.8,87,91,98,71,43.1,70,58,0,0,0,0,0,0,0,0,0,0,0,0,0,0,0,0,6,78.2,79,82,94,0,0,0,0,0,0,0,0,0,0,15,81.2,96,91,94,0,0,0,0,0,0,0,0,0,0,0,0,0,0,0,0,0,0,0,0,34,71.6,88,82,0,12,79.9,94,91,97,1,100,94,91,0,0,0,0,0,0,0,0,0,0,0,4,85.9,86,92,97,2,99.2,91,86,0,33,38.6,80,69,95,6,91.1,95,91,96,0,0,0,0,0,0,0,0,0,0,0,0,0,0,0,28,46.1,89,84,90,10,74.3,92,90,96,6,79.2,91,93,94,24,71.1,86,86,94,0,0,0,0,0,0,0,0,0,0,0,0,0,0,0,4,87.1,88,89,96,0,0,0,0,0,0,0,0,0,0,
9,Lancaster,8,9,9,80.2,88,90,7.7,12.7,85,92,4.2,157,75,11,87.4,87,92,91,0,0,0,0,0,0,0,0,0,0,0,0,0,0,0,0,0,0,0,0,0,0,0,0,0,10,65.8,83,89,92,16,84.1,93,96,94,0,0,0,0,0,8,79.2,86,91,90,11,81.7,95,96,0,0,0,0,0,0,18,72.9,87,85,86,8,83.2,91,85,0,0,0,0,0,0,0,0,0,0,0,11,86.2,93,97,0,0,0,0,0,0,47,65.3,82,82,95,0,0,0,0,0,8,48.7,76,79,0,0,0,0,0,0,18,81.2,90,91,0,0,0,0,0,0,0,0,0,0,0,10,85.2,75,84,91,11,82.5,92,85,95,0,0,0,0,0,0,0,0,0,0,0,0,0,0,0,6,90.3,93,92,95,0,0,0,0,0,7,84.2,96,97,94,0,0,0,0,0,0,0,0,0,0,0,0,0,0,0,5,85.3,88,92,96,9,86.7,90,95,0,27,64.3,93,94,96,11,85.5,92,89,94,0,0,0,0,0,0,0,0,0,0,0,0,0,0,0,11,56.8,96,98,0,7,79.1,94,97,95,50,58.2,88,89,96,22,72.2,89,91,92,5,77.5,97,93,0,0,0,0,0,0,1,100,92,92,88,15,77.7,91,85,0,0,0,0,0,0,0,0,0,0,0,
10,Leeds,16,14,10,78.8,90,89,7.3,13.2,82,95,6.6,168,74,3,97.9,93,95,98,1,100,85,83,98,0,0,0,0,0,9,77.6,93,93,97,0,0,0,0,0,0,0,0,0,0,13,65.1,90,91,97,33,79.4,91,92,95,0,0,0,0,0,12,76.1,83,82,96,9,83.1,92,92,98,13,54.9,98,95,95,9,79.4,89,91,89,5,88.4,89,90,0,15,36.7,92,87,99,20,78,80,78,97,28,78.7,88,84,93,6,69.7,92,98,97,4,92,91,91,99,65,47.4,73,61,91,16,44.4,70,77,93,2,90.7,96,98,93,8,91.3,88,92,91,9,75,93,88,0,0,0,0,0,0,3,95.3,88,89,95,34,72.7,92,90,96,24,72.1,80,78,92,2,99.3,91,86,0,0,0,0,0,0,11,87.1,92,94,97,36,70.6,91,84,89,6,84.8,97,94,98,13,69.3,94,92,94,0,0,0,0,0,28,68.1,77,71,0,19,78.1,85,88,96,6,90,89,81,96,14,79.4,94,96,99,18,83.4,90,89,94,12,88.9,92,89,97,15,67.9,88,83,94,9,76.6,95,93,0,23,51,92,88,92,16,70.6,92,90,95,20,69.2,91,90,96,20,72.6,89,83,97,12,68.9,91,90,91,3,93.7,94,92,0,27,72.5,75,64,91,12,79.1,88,89,94,1,100,93,94,97,0,0,0,0,0,
11,  UCL,14,10,11,78,84,81,8.8,10.3,81,96,6.9,191,63,10,87.6,79,87,0,0,0,0,0,0,0,0,0,0,0,0,0,0,0,0,3,97.3,95,98,93,4,88.1,86,76,97,1,100,96,96,0,26,80.5,90,88,99,3,95.3,79,83,0,23,72.9,76,72,94,25,72.8,82,80,96,6,71,87,86,96,22,71.5,69,68,95,0,0,0,0,0,0,0,0,0,0,0,0,0,0,0,0,0,0,0,0,15,59.7,82,80,96,24,76.3,80,77,98,6,84.1,79,84,92,15,44.5,66,60,96,18,68.4,68,74,0,10,89.1,74,77,0,10,62.6,73,70,0,0,0,0,0,0,8,87.6,73,70,93,4,89.9,96,92,96,0,0,0,0,0,0,0,0,0,0,3,93,96,95,91,49,64.5,80,69,97,0,0,0,0,0,9,81.4,93,86,96,4,93.4,92,85,96,0,0,0,0,0,0,0,0,0,0,20,78,77,78,97,0,0,0,0,0,7,89.9,90,89,97,12,85.3,88,78,96,0,0,0,0,0,0,0,0,0,0,29,59.6,82,76,95,22,51.3,83,73,95,18,67.9,74,72,97,16,71.6,85,80,0,5,84.8,87,81,98,0,0,0,0,0,0,0,0,0,0,0,0,0,0,0,0,0,0,0,0,0,0,0,0,0,0,0,0,0,0,
12, York,19,17,12,77.9,90,88,5.9,14.6,82,96,4.8,159,76,0,0,0,0,0,0,0,0,0,0,0,0,0,0,0,0,0,0,0,0,0,0,0,0,0,0,0,0,0,0,0,0,0,0,0,6,88.5,92,90,97,0,0,0,0,0,13,75.9,85,92,92,3,93.5,96,95,98,0,0,0,0,0,20,72.2,85,83,95,25,71.7,82,84,0,0,0,0,0,0,0,0,0,0,0,19,80.8,96,93,95,0,0,0,0,0,12,82.8,88,90,98,21,73.1,86,86,96,0,0,0,0,0,0,0,0,0,0,12,83.5,91,89,89,0,0,0,0,0,0,0,0,0,0,0,0,0,0,0,24,76.3,91,86,98,0,0,0,0,0,23,86.9,82,72,98,13,75.1,94,96,97,35,72.4,90,82,97,0,0,0,0,0,24,75.2,91,85,97,15,67.8,91,85,97,0,0,0,0,0,0,0,0,0,0,15,78.6,91,95,95,0,0,0,0,0,0,0,0,0,0,40,74.2,95,87,95,14,87.8,95,93,98,25,61.7,90,82,90,0,0,0,0,0,26,47.3,93,94,94,21,65.3,83,88,95,7,79.1,91,90,97,13,76.1,93,90,98,0,0,0,0,0,10,79.7,88,83,95,23,75.3,85,75,0,31,71.8,82,84,95,0,0,0,0,0,0,0,0,0,0,
13,Coventry,15,12,13,77.8,90,88,5.9,14.6,81,92,6.9,126,78,22,84.6,88,87,93,0,0,0,0,0,0,0,0,0,0,0,0,0,0,0,0,0,0,0,0,9,76.4,93,83,94,62,39.5,70,67,0,52,72,88,85,93,7,86.4,89,87,95,18,73.8,86,86,92,0,0,0,0,0,0,0,0,0,0,40,62.8,79,72,90,10,81.3,92,90,93,0,0,0,0,0,8,86.1,85,81,93,18,82.1,98,96,92,0,0,0,0,0,6,89.5,97,95,94,0,0,0,0,0,0,0,0,0,0,34,60,86,90,90,40,71.9,88,95,88,0,0,0,0,0,0,0,0,0,0,7,89.7,88,88,91,26,75.9,93,89,95,9,82.7,85,81,0,1,100,90,88,93,33,65.8,92,86,95,7,89.6,97,93,97,11,85.4,94,94,95,66,60,97,94,92,0,0,0,0,0,4,91.2,82,83,92,14,78.4,87,86,0,28,74.6,90,91,95,22,78.4,77,77,95,0,0,0,0,0,28,79.9,96,100,0,42,71.9,91,77,89,7,74.3,95,95,93,0,0,0,0,0,0,0,0,0,0,0,0,0,0,0,9,77.7,95,95,92,18,73.1,90,86,94,0,0,0,0,0,14,76.8,96,69,0,35,67.8,90,84,88,18,76.7,92,90,95,22,76.1,92,91,87,0,0,0,0,0,
14,Exeter,11,13,14,77.2,89,89,3.7,16.5,84,97,5.8,176,75,6,91.5,86,95,96,0,0,0,0,0,0,0,0,0,0,0,0,0,0,0,14,68.1,96,92,0,0,0,0,0,0,0,0,0,0,0,14,85.2,92,89,97,0,0,0,0,0,22,73.2,81,88,95,0,0,0,0,0,8,64.8,90,88,98,38,64.2,86,87,94,0,0,0,0,0,0,0,0,0,0,0,0,0,0,0,6,90.3,95,95,98,16,56.4,90,88,97,39,68.7,78,81,99,0,0,0,0,0,0,0,0,0,0,44,53,77,74,0,24,78,83,78,0,11,62.5,77,74,98,3,77.7,92,90,0,32,72.2,78,72,97,6,86.4,97,92,99,0,0,0,0,0,0,0,0,0,0,20,72.2,86,87,0,13,85.5,93,90,97,15,83.2,93,95,93,14,79.2,94,91,98,12,69.6,94,91,0,0,0,0,0,0,0,0,0,0,0,37,69.4,84,87,97,3,98.6,93,88,0,18,77.4,92,93,99,16,83.5,94,91,96,0,0,0,0,0,0,0,0,0,0,0,0,0,0,0,37,40.5,87,84,99,20,66.1,93,92,98,10,77.1,90,89,98,11,77.3,87,82,95,4,80.2,95,96,97,0,0,0,0,0,0,0,0,0,0,28,72,92,89,95,12,84.6,90,90,94,0,0,0,0,0,
15,London School of Economics,12,15,15,76.8,78,73,7.9,11.9,86,97,5.7,203,60,19,85.2,66,69,0,0,0,0,0,0,0,0,0,0,0,0,0,0,0,0,2,99.3,96,97,91,0,0,0,0,0,0,0,0,0,0,0,0,0,0,0,0,0,0,0,0,20,73.7,79,74,0,0,0,0,0,0,0,0,0,0,0,0,0,0,0,0,0,0,0,0,0,0,0,0,0,0,0,0,0,0,0,0,0,0,0,0,0,0,0,0,0,25,76,72,67,97,0,0,0,0,0,0,0,0,0,0,0,0,0,0,0,0,0,0,0,0,0,0,0,0,0,0,0,0,0,0,0,0,0,0,0,0,0,0,0,0,0,0,0,0,0,0,0,0,0,0,0,0,0,0,0,16,81.7,84,83,0,0,0,0,0,0,27,73.8,90,85,98,0,0,0,0,0,0,0,0,0,0,0,0,0,0,0,49,63.4,74,72,93,0,0,0,0,0,0,0,0,0,0,0,0,0,0,0,0,0,0,0,0,0,0,0,0,0,0,0,0,0,0,14,54.9,87,80,0,0,0,0,0,0,8,78.8,82,74,99,0,0,0,0,0,0,0,0,0,0,5,86.8,85,67,0,0,0,0,0,0,13,78,81,74,0,0,0,0,0,0,0,0,0,0,0,
16,Nottingham Trent,53,34,16,76.6,87,89,4.8,14.8,76,91,5.1,143,80,8,89.3,92,98,91,3,90.9,94,96,89,0,0,0,0,0,0,0,0,0,0,0,0,0,0,0,28,57.3,93,90,85,32,51.2,86,90,89,17,84,89,94,92,2,95.7,92,95,92,18,73.8,84,87,91,16,79.1,99,100,90,0,0,0,0,0,49,61.4,84,83,80,9,82.7,87,88,91,0,0,0,0,0,8,86.1,86,88,91,12,85.9,91,86,93,0,0,0,0,0,13,82.3,91,96,93,48,59,85,85,91,0,0,0,0,0,19,67.8,81,91,89,0,0,0,0,0,0,0,0,0,0,0,0,0,0,0,0,0,0,0,0,74,62.9,88,92,91,4,90.7,86,88,94,8,92,85,83,91,28,67.8,87,77,88,19,80.3,94,94,91,0,0,0,0,0,69,57.6,88,84,92,0,0,0,0,0,0,0,0,0,0,12,79.3,90,90,89,31,73.1,90,89,91,48,66.1,84,85,90,0,0,0,0,0,39,74.8,89,89,92,0,0,0,0,0,0,0,0,0,0,0,0,0,0,0,13,55.6,95,88,0,26,59.6,96,97,94,48,58.7,88,84,89,10,77.6,92,91,92,0,0,0,0,0,0,0,0,0,0,20,75.9,80,83,92,42,67.8,86,88,89,21,76.5,89,86,89,0,0,0,0,0,
17,Nottingham,25,19,17,76,88,87,6.3,13.9,83,96,7,163,72,12,87.3,85,90,97,2,91.8,86,83,96,6,74.6,95,90,95,0,0,0,0,0,0,0,0,0,0,5,84.7,93,93,97,0,0,0,0,0,32,79.5,91,87,96,8,86.2,87,96,0,27,70.1,78,83,97,10,82.8,92,92,98,12,55.3,94,93,94,11,76.2,84,87,94,15,75.4,92,88,0,0,0,0,0,0,0,0,0,0,0,0,0,0,0,0,0,0,0,0,0,11,83.1,86,86,98,0,0,0,0,0,2,75.6,84,95,98,7,80.3,84,93,95,1,100,88,86,94,0,0,0,0,0,0,0,0,0,0,12,83.1,86,83,97,14,81.6,94,89,97,0,0,0,0,0,14,89.7,91,84,0,17,74.1,94,87,0,30,74.5,88,85,98,5,93.4,92,87,96,10,81,94,94,98,16,67.7,94,94,94,0,0,0,0,0,0,0,0,0,0,16,78.4,89,94,97,0,0,0,0,0,27,64.3,88,72,97,26,80.9,83,76,94,7,94.4,97,86,98,30,59.2,78,74,92,3,91.5,89,89,99,21,52.4,89,89,95,7,79.1,96,96,96,30,65.9,88,77,97,34,67,87,87,95,14,66,99,97,95,21,61.4,97,100,0,33,69.2,88,87,0,37,70,92,88,93,0,0,0,0,0,4,76.3,100,100,97,
18,  UEA,24,18,18,75.7,89,90,4.4,13.4,79,94,7.5,153,72,13,86.9,81,94,95,0,0,0,0,0,1,100,95,90,95,0,0,0,0,0,0,0,0,0,0,0,0,0,0,0,0,0,0,0,0,42,76.9,84,92,95,0,0,0,0,0,15,74.3,87,96,94,13,80,88,91,92,0,0,0,0,0,29,67.5,84,80,88,0,0,0,0,0,0,0,0,0,0,0,0,0,0,0,35,75.1,89,92,0,13,61,91,96,95,10,83.9,88,94,96,3,88.7,91,94,92,0,0,0,0,0,0,0,0,0,0,0,0,0,0,0,0,0,0,0,0,0,0,0,0,0,0,0,0,0,0,31,73.3,93,89,97,0,0,0,0,0,0,0,0,0,0,0,0,0,0,0,22,79.7,94,91,97,16,82.7,93,91,92,20,76.7,97,95,97,8,76.6,97,95,0,0,0,0,0,0,0,0,0,0,0,24,76.7,86,94,91,20,81.2,87,68,97,19,74.4,88,90,99,47,70,87,86,0,0,0,0,0,0,13,69.3,87,84,89,15,70.9,89,90,94,17,53.5,92,83,91,0,0,0,0,0,21,69,92,85,94,21,72.4,92,90,95,0,0,0,0,0,0,0,0,0,0,4,93.2,91,91,0,0,0,0,0,0,15,81.6,80,81,0,0,0,0,0,0,
19,Birmingham,13,15,19,75.6,89,88,7.2,14.8,86,96,6.4,166,72,28,82.6,82,89,91,0,0,0,0,0,4,80.4,91,73,0,11,75.7,94,95,98,0,0,0,0,0,0,0,0,0,0,0,0,0,0,0,15,84.8,91,90,97,22,71.1,93,92,0,29,69.2,78,79,94,19,78.1,92,98,98,7,66,95,91,98,17,73.3,90,91,93,0,0,0,0,0,13,49,94,90,100,0,0,0,0,0,7,89.3,96,91,95,4,73.4,96,95,98,55,62.8,76,76,97,19,74.6,96,94,97,9,48.6,81,84,96,15,69.8,85,90,94,19,80.5,92,88,86,0,0,0,0,0,5,70.5,86,89,95,22,78.1,83,86,97,5,86.6,96,94,98,0,0,0,0,0,0,0,0,0,0,28,67.8,92,79,0,28,75,88,87,98,8,89,99,92,98,17,78.2,95,90,97,9,75.7,95,90,0,7,84.9,75,77,0,0,0,0,0,0,32,73,83,91,93,0,0,0,0,0,15,79.3,92,93,98,19,83.1,92,83,96,8,92.7,97,96,96,58,44.6,94,91,92,7,78.4,96,94,96,7,63.9,93,83,96,3,85.7,91,93,97,19,69.5,88,84,98,14,75.6,89,88,99,8,72.5,96,96,93,23,60.1,77,74,90,18,78.6,87,82,89,10,80.4,92,85,96,4,93.3,87,89,97,0,0,0,0,0,
20,Bristol,38,27,20,75,90,86,6.5,13.6,80,97,6,184,68,92,63.2,78,77,96,0,0,0,0,0,0,0,0,0,0,7,82.7,96,91,99,10,80.2,94,89,0,0,0,0,0,0,0,0,0,0,0,11,86.5,95,97,97,0,0,0,0,0,76,59.6,67,66,0,15,79.3,90,88,97,18,50.6,91,73,98,25,69.1,84,78,94,0,0,0,0,0,14,47.4,91,84,98,0,0,0,0,0,59,67.7,81,72,83,21,52.6,91,86,95,23,77.4,84,84,98,0,0,0,0,0,0,0,0,0,0,3,81.5,84,87,94,10,89.1,89,85,88,1,100,100,101,0,0,0,0,0,0,4,94.3,89,92,97,46,70.1,89,79,96,0,0,0,0,0,0,0,0,0,0,8,78.9,95,98,0,15,82.4,85,75,99,0,0,0,0,0,42,69.5,92,82,98,23,49.5,92,82,94,0,0,0,0,0,0,0,0,0,0,36,70,86,81,96,0,0,0,0,0,17,77.8,95,95,99,9,86.9,90,85,96,4,96.6,94,91,100,0,0,0,0,0,1,100,99,99,0,9,59.4,91,87,97,25,61.3,87,84,94,4,83.1,95,90,98,15,75.2,89,83,98,15,65.9,96,88,0,1,100,98,91,94,8,88.1,0,0,0,3,87.8,96,89,96,0,0,0,0,0,6,50.5,93,89,98,
21,Surrey,4,10,21,74.7,88,88,5.8,15.7,77,94,7,163,74,27,82.7,86,88,94,0,0,0,0,0,0,0,0,0,0,0,0,0,0,0,0,0,0,0,0,0,0,0,0,0,0,0,0,0,0,10,86.6,94,90,98,0,0,0,0,0,32,68.2,73,80,92,7,87.7,96,99,93,0,0,0,0,0,10,78.3,90,86,85,1,100,92,93,98,0,0,0,0,0,0,0,0,0,0,16,83.6,83,73,96,0,0,0,0,0,21,78.1,89,90,96,0,0,0,0,0,5,55.2,92,95,97,22,66.3,80,87,99,3,99.3,91,91,96,0,0,0,0,0,0,0,0,0,0,14,81.8,89,92,97,12,82.4,89,89,97,0,0,0,0,0,0,0,0,0,0,0,0,0,0,0,0,0,0,0,0,46,64.3,90,87,94,0,0,0,0,0,0,0,0,0,0,5,88.6,79,87,94,0,0,0,0,0,13,78.9,87,89,95,0,0,0,0,0,0,0,0,0,0,3,96.3,98,97,0,2,98.4,97,96,93,32,58.7,88,86,87,0,0,0,0,0,0,0,0,0,0,24,63.5,89,89,97,11,74.7,96,92,0,19,72.7,91,88,94,0,0,0,0,0,0,0,0,0,0,0,0,0,0,0,11,80.3,92,93,94,0,0,0,0,0,8,33.9,86,77,99,
22,Lincoln,56,47,22,73.1,87,88,4.5,14.9,76,93,4.9,129,76,61,72.3,88,94,95,0,0,0,0,0,0,0,0,0,0,0,0,0,0,0,0,0,0,0,0,7,81.8,88,89,98,16,63.5,88,84,94,19,81.7,94,94,94,0,0,0,0,0,63,62.1,80,85,95,0,0,0,0,0,0,0,0,0,0,33,66.2,86,89,92,40,67.9,87,77,90,0,0,0,0,0,5,89.7,90,87,91,60,67.4,87,78,90,0,0,0,0,0,0,0,0,0,0,0,0,0,0,0,0,0,0,0,0,0,0,0,0,0,0,0,0,0,0,0,0,0,0,0,0,0,0,0,0,20,78.9,91,88,0,39,71.4,95,93,97,0,0,0,0,0,27,86.2,89,74,0,31,67.2,94,87,93,0,0,0,0,0,50,60.7,91,92,94,8,82.7,95,97,97,0,0,0,0,0,1,100,99,98,89,8,80.9,80,80,96,0,0,0,0,0,24,74.9,75,80,95,0,0,0,0,0,0,0,0,0,0,0,0,0,0,0,40,54.6,75,72,93,17,69.5,80,78,98,0,0,0,0,0,0,0,0,0,0,54,56.7,91,89,91,12,76.3,90,90,96,0,0,0,0,0,0,0,0,0,0,44,60.4,76,70,92,30,71.9,92,100,0,16,80.6,89,92,82,0,0,0,0,0,
23,Southampton,16,35,23,72.7,86,84,5.6,12.9,80,95,6.2,158,71,37,79.4,80,82,93,0,0,0,0,0,0,0,0,0,0,0,0,0,0,0,0,0,0,0,0,0,0,0,0,0,7,68.1,85,87,98,21,81.1,94,97,99,0,0,0,0,0,39,66.5,70,71,91,22,74,94,93,94,0,0,0,0,0,8,80.2,88,90,93,44,64.5,88,83,91,0,0,0,0,0,52,55.8,84,74,93,0,0,0,0,0,10,62.3,92,95,97,20,78.9,81,82,97,2,89.3,94,91,0,0,0,0,0,0,4,80.9,89,92,98,2,99.6,93,99,94,0,0,0,0,0,0,0,0,0,0,6,89.9,86,84,94,41,70.9,94,86,95,42,52,84,74,94,0,0,0,0,0,16,74.4,96,95,94,14,83.5,93,94,98,35,71.1,86,77,93,26,74,96,93,98,0,0,0,0,0,0,0,0,0,0,0,0,0,0,0,22,77.2,84,91,94,5,90.4,91,85,94,22,72.4,91,87,97,24,81.2,95,95,95,13,88.5,89,86,96,53,47.9,64,49,93,0,0,0,0,0,6,65.5,95,92,94,6,80.4,94,99,93,52,57.6,80,83,94,26,71,89,81,98,0,0,0,0,0,25,57.1,89,83,0,0,0,0,0,0,63,61.3,88,83,92,0,0,0,0,0,0,0,0,0,0,
24,Glasgow,26,23,24,72.1,89,88,6,14.9,84,93,5.6,200,67,29,82.4,81,84,97,0,0,0,0,0,0,0,0,0,0,8,79.5,93,90,95,0,0,0,0,0,0,0,0,0,0,0,0,0,0,0,35,79.1,93,91,94,0,0,0,0,0,52,63.9,76,80,91,46,58.6,83,84,95,9,63.7,100,95,0,24,70.2,85,86,88,0,0,0,0,0,8,66,95,94,99,37,66.4,86,79,0,10,86.7,94,96,0,14,60.2,94,93,95,41,67.8,74,71,97,45,62.5,85,84,92,0,0,0,0,0,12,71.4,95,96,0,26,77.2,83,85,0,0,0,0,0,0,0,0,0,0,0,28,75.3,79,82,92,20,78.6,97,94,93,0,0,0,0,0,12,90,89,86,93,10,77.9,97,99,0,9,88.1,94,88,94,0,0,0,0,0,36,71.5,96,94,94,7,80.6,96,94,0,0,0,0,0,0,0,0,0,0,0,33,72.5,87,89,95,0,0,0,0,0,12,87.1,94,93,100,30,78.7,91,87,92,33,74.8,88,83,95,3,81.7,96,96,95,28,60.4,91,88,0,46,25.5,87,81,93,38,43.7,85,83,92,42,61,92,87,92,23,71.4,91,83,90,10,69.4,99,98,0,11,79.3,96,94,0,0,0,0,0,0,26,72.9,89,90,83,9,87,90,87,0,2,81.6,94,94,100,
25,Portsmouth,43,37,25,72,88,88,5.9,15.4,80,91,6,119,75,18,85.4,86,90,92,0,0,0,0,0,9,60.4,93,91,0,16,70.4,95,89,0,0,0,0,0,0,32,56.6,86,95,91,0,0,0,0,0,9,87.2,93,93,95,16,76.3,67,69,93,28,69.9,82,88,91,0,0,0,0,0,0,0,0,0,0,39,63.1,85,83,85,4,88.5,94,95,93,0,0,0,0,0,22,77.4,89,84,92,49,71,96,92,94,31,46,91,90,91,9,85.2,92,90,96,53,55.5,88,86,91,17,42.6,74,74,0,38,57.9,76,86,94,31,75.3,79,81,83,0,0,0,0,0,0,0,0,0,0,27,75.7,84,89,92,55,68.1,91,92,90,28,70.2,89,84,0,29,85.7,83,87,93,0,0,0,0,0,31,74.3,91,95,97,10,86.6,96,97,94,61,61.8,94,95,89,0,0,0,0,0,19,78.1,72,75,0,38,61.5,86,90,89,27,74.8,86,91,90,35,70.6,89,88,89,0,0,0,0,0,23,81.3,96,94,92,0,0,0,0,0,0,0,0,0,0,31,53.2,82,74,97,0,0,0,0,0,0,0,0,0,0,22,68.6,90,88,93,16,74.8,91,90,95,0,0,0,0,0,0,0,0,0,0,3,93.8,84,90,94,38,69.8,94,95,94,13,83.1,91,87,90,0,0,0,0,0,
26,Sussex,20,20,26,71.9,87,88,7,16.4,80,95,4.5,144,69,52,74.1,80,86,97,0,0,0,0,0,3,82.9,89,85,95,14,72.5,97,99,96,15,65,88,90,96,0,0,0,0,0,0,0,0,0,0,37,78.8,94,92,94,0,0,0,0,0,31,68.6,79,82,97,5,90.1,94,95,99,0,0,0,0,0,48,61.5,90,90,90,14,76,90,91,0,0,0,0,0,0,0,0,0,0,0,17,82.3,94,90,0,0,0,0,0,0,51,64,83,91,96,0,0,0,0,0,0,0,0,0,0,0,0,0,0,0,61,48.8,67,63,0,0,0,0,0,0,0,0,0,0,0,38,67.3,73,78,96,19,79.2,94,97,96,0,0,0,0,0,0,0,0,0,0,0,0,0,0,0,8,89.1,91,100,99,0,0,0,0,0,15,78.8,91,91,96,17,67.1,91,91,0,0,0,0,0,0,34,64.5,83,77,0,11,80.9,84,89,94,38,70.2,85,83,92,0,0,0,0,0,13,84.3,89,90,0,39,73.1,84,69,91,0,0,0,0,0,0,0,0,0,0,8,61.5,93,93,93,30,56.9,92,88,92,43,60.5,91,93,94,24,71.1,92,94,96,0,0,0,0,0,0,0,0,0,0,15,79.6,85,80,98,17,76.9,90,91,96,0,0,0,0,0,0,0,0,0,0,
27,Newcastle,37,30,27,71.1,88,88,5.9,13.8,80,96,5.1,161,73,46,75.8,77,90,96,7,78.7,74,76,96,0,0,0,0,0,0,0,0,0,0,0,0,0,0,0,23,65.8,88,84,95,2,78,89,90,94,35,79.1,91,89,98,35,63.2,75,74,94,42,66.3,70,78,96,30,68.4,88,91,98,17,52,96,91,96,35,65.5,81,82,94,0,0,0,0,0,9,61.8,98,98,97,0,0,0,0,0,0,0,0,0,0,8,65,88,90,0,60,58.5,82,85,94,0,0,0,0,0,18,40.7,74,77,97,21,66.4,84,86,98,17,81.7,90,88,90,0,0,0,0,0,0,0,0,0,0,23,78,82,81,95,17,80.5,96,94,98,0,0,0,0,0,0,0,0,0,0,5,85,96,97,0,36,71.9,91,93,97,1,100,97,88,0,55,64.6,93,91,98,0,0,0,0,0,0,0,0,0,0,4,84.5,93,95,0,42,67.9,89,93,95,13,84,93,95,93,5,92.1,95,93,98,14,84.1,92,87,97,22,83.7,92,86,89,0,0,0,0,0,0,0,0,0,0,44,29.5,87,79,0,0,0,0,0,0,32,64.7,93,94,95,28,69.9,88,93,96,0,0,0,0,0,0,0,0,0,0,0,0,0,0,0,33,71.4,91,91,95,0,0,0,0,0,0,0,0,0,0,
28,Edinburgh,22,30,28,70.3,85,80,8.7,12.6,75,95,6,181,61,23,84,79,78,98,0,0,0,0,0,0,0,0,0,0,3,85.5,86,78,0,11,70.7,91,89,97,35,51.6,91,81,95,28,51.6,77,80,98,30,79.9,86,84,92,10,80.5,84,73,0,36,67.3,80,83,97,34,65.4,86,89,92,16,53.6,97,92,95,27,68.5,77,74,83,0,0,0,0,0,0,0,0,0,0,10,84.2,87,84,0,0,0,0,0,0,18,55.5,89,86,95,38,68.8,78,72,97,29,69.1,79,82,94,11,47.6,69,61,98,16,69.7,77,88,0,15,82,82,90,0,0,0,0,0,0,0,0,0,0,0,35,67.7,74,67,95,45,70.4,91,84,96,1,100,90,92,0,19,88.5,74,57,0,20,72.2,87,77,0,23,79.4,91,77,99,0,0,0,0,0,72,56.6,90,80,95,19,59.8,90,80,97,0,0,0,0,0,0,0,0,0,0,17,78.3,86,86,93,0,0,0,0,0,6,91.1,93,83,99,44,71.4,89,76,96,18,85.1,95,84,0,1,100,97,100,0,25,63.5,81,79,0,30,45.2,88,81,98,27,58,83,80,94,23,68.4,85,76,98,49,62.3,84,79,95,7,72.6,100,100,92,9,80.9,87,73,0,25,74,77,79,0,24,74.6,86,86,88,14,82.9,78,74,93,1,100,96,93,97,
29,Derby,48,54,29,70.1,88,85,6.2,15.1,74,90,4.9,119,77,35,80.4,86,87,90,0,0,0,0,0,0,0,0,0,0,0,0,0,0,0,0,0,0,0,0,36,51.5,88,94,0,11,65.6,97,92,0,52,72,94,89,96,0,0,0,0,0,10,77.8,89,89,89,0,0,0,0,0,0,0,0,0,0,36,65.2,87,82,89,36,68.9,88,85,86,0,0,0,0,0,39,64.5,84,80,92,69,63.4,82,75,89,23,50.7,97,95,93,0,0,0,0,0,18,75.5,92,91,92,0,0,0,0,0,47,50.5,84,83,0,48,68,89,86,86,0,0,0,0,0,0,0,0,0,0,18,81.1,88,86,92,62,66.8,94,92,90,18,74.2,84,80,88,35,83.9,81,71,88,27,68.9,93,89,94,59,56.3,88,82,94,47,62.8,86,87,90,40,70.1,98,95,91,0,0,0,0,0,8,84.3,85,82,89,13,78.6,95,95,0,30,74,91,88,0,55,62.7,85,82,87,0,0,0,0,0,0,0,0,0,0,66,61.8,93,92,0,11,70.7,87,81,92,0,0,0,0,0,0,0,0,0,0,0,0,0,0,0,0,0,0,0,0,36,65.9,94,92,91,0,0,0,0,0,0,0,0,0,0,49,56.1,80,68,89,51,65.3,85,83,92,29,73.6,85,87,86,0,0,0,0,0,
30,Dundee,28,24,29,70.1,91,89,6.3,14.5,85,92,5.3,173,75,41,77.9,88,90,93,0,0,0,0,0,0,0,0,0,0,0,0,0,0,0,0,0,0,0,0,19,69,89,90,92,26,53,87,81,92,6,88.5,94,92,94,0,0,0,0,0,17,74.1,88,88,83,0,0,0,0,0,0,0,0,0,0,16,74.1,85,90,88,0,0,0,0,0,1,100,99,99,98,18,78.5,83,85,89,0,0,0,0,0,0,0,0,0,0,25,76,81,79,0,32,67.8,90,90,94,0,0,0,0,0,17,69.1,87,90,0,0,0,0,0,0,0,0,0,0,0,0,0,0,0,0,19,79.2,70,75,94,47,70,96,90,87,12,79.9,83,85,0,0,0,0,0,0,11,76.4,95,81,0,25,77.4,90,84,95,33,72.7,96,92,99,41,70,98,90,89,0,0,0,0,0,0,0,0,0,0,0,0,0,0,0,26,75.1,93,95,0,0,0,0,0,0,8,89.8,95,96,99,10,86.3,95,97,0,0,0,0,0,0,65,37.4,91,89,91,0,0,0,0,0,41,32,85,87,0,0,0,0,0,0,65,52.2,97,94,85,56,58.8,93,92,89,0,0,0,0,0,0,0,0,0,0,9,84.6,91,80,93,0,0,0,0,0,0,0,0,0,0,0,0,0,0,0,
31,Essex,62,48,31,69.9,87,88,6.1,16.3,80,91,6.8,116,72,56,73.6,80,90,95,0,0,0,0,0,2,85.8,92,86,0,0,0,0,0,0,0,0,0,0,0,0,0,0,0,0,0,0,0,0,0,23,80.7,90,89,95,0,0,0,0,0,85,57.2,77,81,93,0,0,0,0,0,0,0,0,0,0,65,56.3,81,86,87,38,68.2,89,87,88,0,0,0,0,0,0,0,0,0,0,2,99,98,90,95,0,0,0,0,0,18,80.2,83,92,95,0,0,0,0,0,0,0,0,0,0,0,0,0,0,0,36,72.5,79,92,0,0,0,0,0,0,0,0,0,0,0,0,0,0,0,0,74,62.9,85,86,94,0,0,0,0,0,36,83.3,83,79,0,0,0,0,0,0,0,0,0,0,0,29,74.9,95,99,93,32,72,93,89,93,18,65.2,93,89,0,0,0,0,0,0,0,0,0,0,0,12,80.6,89,87,0,0,0,0,0,0,0,0,0,0,0,48,69.4,71,81,91,0,0,0,0,0,6,77.1,92,89,0,0,0,0,0,0,18,53.4,95,92,87,0,0,0,0,0,12,73.8,89,93,95,31,68.3,88,90,92,0,0,0,0,0,0,0,0,0,0,0,0,0,0,0,39,69.3,89,87,92,19,77.7,90,91,86,0,0,0,0,0,
32,Swansea,39,45,31,69.9,87,89,4.7,15.4,82,93,5.9,138,74,35,80.4,85,92,94,0,0,0,0,0,8,65.3,90,93,93,0,0,0,0,0,0,0,0,0,0,0,0,0,0,0,0,0,0,0,0,28,80,94,95,95,0,0,0,0,0,41,66.4,81,89,92,0,0,0,0,0,22,43.1,94,91,94,22,71.5,86,94,92,3,95.4,96,96,94,0,0,0,0,0,0,0,0,0,0,0,0,0,0,0,0,0,0,0,0,61,57.9,71,76,96,0,0,0,0,0,21,37.3,82,93,96,50,48.4,80,84,96,50,64.9,82,81,87,15,58,72,73,0,8,54.4,93,94,88,41,65.2,72,72,93,37,71.5,91,91,95,0,0,0,0,0,0,0,0,0,0,0,0,0,0,0,45,65,84,87,97,39,66.6,94,88,94,33,71.7,94,93,93,0,0,0,0,0,0,0,0,0,0,0,0,0,0,0,34,71.1,83,92,86,11,85.4,92,93,92,3,94.8,93,92,0,36,75.9,83,83,96,0,0,0,0,0,2,83.4,92,92,92,0,0,0,0,0,0,0,0,0,0,13,72,93,93,89,17,71.2,95,92,93,46,63.5,87,82,95,0,0,0,0,0,7,85.6,92,95,0,14,80.6,90,83,0,0,0,0,0,0,18,78.6,90,94,89,0,0,0,0,0,
33,Liverpool Hope,79,56,33,69.6,91,90,2.5,14.5,80,88,3.1,116,84,90,63.4,68,61,0,0,0,0,0,0,0,0,0,0,0,0,0,0,0,0,0,0,0,0,0,0,0,0,0,0,58,43.8,87,86,0,39,77.7,96,96,0,0,0,0,0,0,57,62.9,89,89,85,0,0,0,0,0,0,0,0,0,0,13,75.1,90,94,88,0,0,0,0,0,0,0,0,0,0,12,82.8,88,92,0,42,74,89,88,86,0,0,0,0,0,0,0,0,0,0,10,78,92,95,93,0,0,0,0,0,0,0,0,0,0,0,0,0,0,0,0,0,0,0,0,0,0,0,0,0,0,0,0,0,0,102,47.9,83,76,86,0,0,0,0,0,0,0,0,0,0,0,0,0,0,0,20,79.9,93,89,0,0,0,0,0,0,46,68.1,89,95,0,0,0,0,0,0,0,0,0,0,0,0,0,0,0,0,0,0,0,0,0,28,74.2,94,95,0,0,0,0,0,0,0,0,0,0,0,50,68.4,92,81,0,0,0,0,0,0,0,0,0,0,0,0,0,0,0,0,0,0,0,0,0,40,61.9,97,93,0,58,58.4,84,87,87,24,50.3,91,93,86,12,79,97,89,0,22,75.6,90,91,92,7,85.4,95,92,0,17,79.5,96,98,83,0,0,0,0,0,
34,Manchester,31,28,34,69,83,83,8,13.4,82,95,5.4,167,67,14,86.1,78,84,95,0,0,0,0,0,11,50,90,91,93,6,83.1,89,93,96,5,92.6,94,95,96,0,0,0,0,0,0,0,0,0,0,24,80.6,91,88,97,13,77.9,73,73,98,16,74.2,78,81,94,8,85.8,91,90,96,19,48.7,88,90,94,14,75,80,89,93,17,74.5,89,86,89,16,32.5,92,89,100,0,0,0,0,0,24,79.9,89,88,96,17,56,80,76,96,27,74.5,77,81,96,0,0,0,0,0,23,33.4,83,86,96,33,60.7,69,73,0,6,92.3,85,91,93,0,0,0,0,0,7,55.1,73,74,96,45,61.8,68,69,96,22,77.5,88,85,96,20,73.3,86,86,95,0,0,0,0,0,14,75,96,92,90,12,86.3,93,94,98,39,66.6,88,79,96,19,78,93,89,96,20,57.5,93,89,95,0,0,0,0,0,0,0,0,0,0,50,63.1,86,87,93,0,0,0,0,0,29,63.3,84,80,99,25,81,88,80,92,10,89.3,93,90,99,41,53.4,76,71,92,14,71,88,82,97,19,52.8,90,91,97,19,67.7,88,83,97,23,68.4,86,85,96,38,65.5,86,81,95,19,55.7,91,88,94,0,0,0,0,0,0,0,0,0,0,8,82.8,89,86,96,0,0,0,0,0,0,0,0,0,0,
35, Kent,23,22,35,68.7,87,88,4.7,18.4,83,94,5.3,137,71,75,69.3,77,87,94,0,0,0,0,0,13,39.7,83,86,0,0,0,0,0,0,16,55.9,90,86,94,26,62.5,87,90,96,33,50,87,79,0,44,76.3,90,91,97,0,0,0,0,0,38,67,81,86,91,33,66.9,86,88,97,20,46.9,88,82,95,56,59.1,81,80,92,42,66,82,77,93,0,0,0,0,0,19,78.3,80,76,89,30,78.3,88,82,94,0,0,0,0,0,22,78,84,88,97,0,0,0,0,0,0,0,0,0,0,0,0,0,0,0,40,71.9,76,84,0,0,0,0,0,0,0,0,0,0,0,0,0,0,0,0,18,79.5,94,94,96,0,0,0,0,0,0,0,0,0,0,32,66.8,86,91,0,0,0,0,0,0,0,0,0,0,0,31,72.1,92,91,97,21,55.2,92,91,0,0,0,0,0,0,41,59.6,82,77,0,41,68,80,81,95,10,86.2,97,87,95,0,0,0,0,0,29,78.9,93,92,95,38,73.5,82,70,90,0,0,0,0,0,0,0,0,0,0,24,50.6,94,95,92,42,34,72,79,96,26,67.6,89,92,96,32,67.7,87,93,97,23,51.1,89,87,0,13,77.9,73,80,0,37,67.3,81,86,84,46,67.1,82,78,93,45,68.4,83,76,87,0,0,0,0,0,
36,Keele,34,36,36,68.4,90,90,4.4,14.2,80,94,4,128,77,85,65.5,81,84,92,0,0,0,0,0,12,48.8,85,81,0,18,66.8,93,92,0,0,0,0,0,0,0,0,0,0,0,0,0,0,0,0,58,70.8,86,86,96,0,0,0,0,0,79,59,83,86,93,27,70.4,89,92,94,0,0,0,0,0,28,67.7,85,87,94,11,78.3,91,88,91,0,0,0,0,0,0,0,0,0,0,0,0,0,0,0,29,48.2,93,92,95,54,63.3,84,88,0,28,69.2,93,94,0,0,0,0,0,0,0,0,0,0,0,0,0,0,0,0,0,0,0,0,0,0,0,0,0,0,0,0,0,0,0,43,70.7,91,88,97,0,0,0,0,0,0,0,0,0,0,34,61.5,87,83,0,20,79.9,88,92,95,6,92,93,92,94,28,73.5,92,94,96,0,0,0,0,0,0,0,0,0,0,0,0,0,0,0,44,66.1,92,97,94,56,62.4,84,84,0,13,85.7,97,92,98,0,0,0,0,0,46,70.8,85,74,93,10,71,91,89,94,16,70.8,94,92,96,34,41,94,96,0,17,70.2,92,100,0,25,68.3,93,92,95,54,60.3,87,83,96,0,0,0,0,0,0,0,0,0,0,41,61.6,92,70,0,22,75.4,95,90,0,0,0,0,0,0,0,0,0,0,0,
37,UWE Bristol,68,52,37,68.2,88,87,5.1,18.4,77,91,6.6,127,74,74,69.5,83,89,88,0,0,0,0,0,0,0,0,0,0,0,0,0,0,0,0,0,0,0,0,10,75.3,98,98,87,15,64,91,91,95,51,72.2,92,90,92,14,77,89,89,89,55,63.3,80,85,92,0,0,0,0,0,0,0,0,0,0,42,62.6,80,76,85,20,73.3,92,94,94,0,0,0,0,0,45,62.2,87,82,88,66,64.2,84,85,91,12,61.3,95,90,0,40,68.3,89,87,90,5,86,95,95,94,0,0,0,0,0,35,59.6,92,92,0,35,73,84,84,88,0,0,0,0,0,0,0,0,0,0,24,76.3,83,81,93,49,69.6,94,95,92,0,0,0,0,0,4,96.8,87,89,91,38,55.4,92,91,92,25,77.4,94,92,97,18,80.1,94,94,94,65,60.2,91,89,89,0,0,0,0,0,0,0,0,0,0,30,67.8,82,86,86,43,66.2,90,94,89,27,74.4,93,88,90,0,0,0,0,0,0,0,0,0,0,56,66.3,97,94,76,37,55.7,85,87,94,0,0,0,0,0,4,76,100,100,86,0,0,0,0,0,38,62.2,95,93,92,45,63.6,91,88,93,0,0,0,0,0,0,0,0,0,0,32,69.7,82,71,92,35,71.2,92,94,92,0,0,0,0,0,0,0,0,0,0,
38,Royal Holloway,45,40,38,68.1,87,87,5.7,15.2,70,95,4.9,142,73,43,77.7,81,84,0,0,0,0,0,0,0,0,0,0,0,0,0,0,0,0,0,0,0,0,0,0,0,0,0,0,0,0,0,0,0,69,67.7,91,93,93,0,0,0,0,0,75,59.7,78,84,91,0,0,0,0,0,10,59.9,93,95,96,32,67.1,88,87,94,37,68.7,84,84,0,0,0,0,0,0,0,0,0,0,0,43,73.8,85,78,89,11,61.7,95,94,95,31,73.3,87,89,96,0,0,0,0,0,0,0,0,0,0,0,0,0,0,0,0,0,0,0,0,0,0,0,0,0,0,0,0,0,0,0,0,0,0,0,36,71.6,90,87,96,0,0,0,0,0,16,89.1,80,70,0,0,0,0,0,0,17,81.2,92,94,98,0,0,0,0,0,16,78.4,96,96,98,0,0,0,0,0,0,0,0,0,0,0,0,0,0,0,51,62.2,84,98,93,30,72.7,80,71,93,0,0,0,0,0,53,67.6,86,76,91,19,84.6,88,89,97,0,0,0,0,0,0,0,0,0,0,38,39.5,93,84,0,12,72.4,90,91,93,44,60.2,92,88,95,30,68.5,89,90,97,0,0,0,0,0,0,0,0,0,0,0,0,0,0,0,57,63.2,84,84,0,0,0,0,0,0,0,0,0,0,0,
39,Sheffield,41,40,39,67.9,87,87,4.7,14.7,82,96,5.1,156,70,29,82.4,82,82,0,0,0,0,0,0,0,0,0,0,0,0,0,0,0,0,0,0,0,0,0,1,100,98,97,97,0,0,0,0,0,47,75,88,86,98,4,93,92,90,97,32,68.2,80,82,94,41,62.6,91,92,96,0,0,0,0,0,12,75.9,87,84,95,2,97.4,91,89,0,11,59.2,99,99,99,0,0,0,0,0,0,0,0,0,0,0,0,0,0,0,48,65.1,79,82,97,26,69.3,0,0,0,19,39.8,76,87,100,24,64.4,79,87,99,23,78.1,86,89,96,0,0,0,0,0,4,71.3,98,100,96,31,73.6,82,83,98,35,72.1,91,89,96,0,0,0,0,0,0,0,0,0,0,19,72.3,94,93,0,40,67.2,86,84,97,38,68.2,93,76,97,34,71.6,93,92,98,0,0,0,0,0,0,0,0,0,0,1,100,96,98,94,48,63.5,84,92,96,0,0,0,0,0,25,67.2,95,94,99,42,72.9,86,82,92,29,81.8,92,94,0,0,0,0,0,0,0,0,0,0,0,31,44.6,90,84,94,35,50,89,90,99,15,72.7,94,86,98,83,52.2,84,70,94,29,41.9,91,84,0,8,84.7,91,89,0,0,0,0,0,0,2,88.4,91,90,94,0,0,0,0,0,0,0,0,0,0,
40,Stirling,58,54,40,67.5,88,87,3.6,15.5,75,91,5,158,72,21,84.7,86,92,94,0,0,0,0,0,0,0,0,0,0,0,0,0,0,0,0,0,0,0,0,0,0,0,0,0,0,0,0,0,0,55,71.9,92,86,93,0,0,0,0,0,26,70.3,87,87,90,0,0,0,0,0,0,0,0,0,0,19,72.8,89,82,92,7,83.4,90,92,89,0,0,0,0,0,0,0,0,0,0,0,0,0,0,0,0,0,0,0,0,5,90,88,83,0,9,79,84,78,94,0,0,0,0,0,0,0,0,0,0,0,0,0,0,0,0,0,0,0,0,0,0,0,0,0,0,0,0,0,0,71,64,89,83,89,0,0,0,0,0,0,0,0,0,0,0,0,0,0,0,50,64,90,88,94,0,0,0,0,0,49,66.2,94,90,90,0,0,0,0,0,0,0,0,0,0,4,84.5,90,89,92,29,74.4,89,90,0,8,88.4,96,92,94,0,0,0,0,0,49,69.2,86,86,90,0,0,0,0,0,52,49,85,80,91,0,0,0,0,0,33,42.6,90,88,0,0,0,0,0,0,59,55.9,91,94,91,46,63.5,89,89,92,0,0,0,0,0,0,0,0,0,0,19,77.2,98,100,0,25,73.5,94,91,92,38,70.2,86,84,90,0,0,0,0,0,
41,Huddersfield,77,60,41,67.3,85,86,4.2,17,78,89,6.4,128,79,68,70.6,82,92,87,0,0,0,0,0,0,0,0,0,0,0,0,0,0,0,0,0,0,0,0,20,67.5,88,88,87,38,49,91,90,0,68,67.8,90,92,84,0,0,0,0,0,54,63.6,75,79,91,36,65,88,93,93,0,0,0,0,0,57,58.9,78,82,85,27,70.9,81,88,0,0,0,0,0,0,36,67.4,86,83,92,26,79.1,89,90,95,0,0,0,0,0,0,0,0,0,0,25,69.5,85,88,88,0,0,0,0,0,0,0,0,0,0,42,71.3,88,88,87,0,0,0,0,0,0,0,0,0,0,15,81.7,75,83,92,64,66.4,88,84,95,38,58.2,86,83,89,25,86.7,83,80,82,0,0,0,0,0,0,0,0,0,0,19,79.7,91,90,88,17,78.2,97,100,94,0,0,0,0,0,11,83.3,89,91,82,54,50.1,82,81,90,0,0,0,0,0,68,56.5,76,81,88,0,0,0,0,0,62,38.7,72,53,0,30,80.1,92,91,89,8,73,90,89,91,30,57.6,88,86,88,0,0,0,0,0,0,0,0,0,0,31,65.6,83,86,0,42,64.8,83,86,91,0,0,0,0,0,0,0,0,0,0,30,71.3,81,84,88,19,76.5,89,88,91,0,0,0,0,0,0,0,0,0,0,
42,Oxford Brookes,57,50,41,67.3,86,85,5.2,16.1,72,94,6.2,128,72,33,81.7,90,92,97,0,0,0,0,0,0,0,0,0,0,20,61.7,86,83,0,19,48.1,89,90,93,12,72.2,93,93,95,17,61.3,91,82,90,48,73.5,88,85,98,25,70.3,80,81,95,30,69.1,78,83,97,0,0,0,0,0,0,0,0,0,0,71,54.8,70,76,90,0,0,0,0,0,0,0,0,0,0,57,52.2,70,70,0,0,0,0,0,0,0,0,0,0,0,56,60.1,81,85,96,40,64,83,77,93,0,0,0,0,0,0,0,0,0,0,0,0,0,0,0,0,0,0,0,0,0,0,0,0,0,33,71.4,83,81,94,65,66,89,89,92,0,0,0,0,0,0,0,0,0,0,0,0,0,0,0,37,70.9,85,87,98,13,84,88,88,95,52,65.3,91,92,95,22,49.7,91,92,0,8,84.3,83,93,91,2,92.3,99,100,0,0,0,0,0,0,29,73.8,82,80,92,0,0,0,0,0,60,59.1,86,82,90,53,68,80,75,0,21,63.4,85,81,92,0,0,0,0,0,12,56.7,93,87,91,0,0,0,0,0,60,55.4,90,87,94,58,58.4,84,90,94,0,0,0,0,0,0,0,0,0,0,60,50.3,86,77,0,68,59.6,85,82,0,25,74.8,84,81,95,0,0,0,0,0,
43,Aston,29,51,43,66.9,88,88,5.4,20.1,79,95,6.3,137,75,83,65.9,87,93,95,0,0,0,0,0,0,0,0,0,0,0,0,0,0,0,0,0,0,0,0,0,0,0,0,0,0,0,0,0,0,39,77.7,95,90,93,15,76.6,93,81,0,36,67.3,89,92,95,44,60.5,98,86,0,0,0,0,0,0,43,62.2,85,85,91,0,0,0,0,0,0,0,0,0,0,0,0,0,0,0,0,0,0,0,0,0,0,0,0,0,34,71.6,85,82,98,0,0,0,0,0,14,44.7,84,69,98,0,0,0,0,0,29,75.7,77,72,0,0,0,0,0,0,0,0,0,0,0,48,61,84,78,95,50,68.9,94,93,93,0,0,0,0,0,0,0,0,0,0,0,0,0,0,0,0,0,0,0,0,12,85,94,92,96,0,0,0,0,0,0,0,0,0,0,0,0,0,0,0,0,0,0,0,0,55,56.6,85,80,92,0,0,0,0,0,0,0,0,0,0,22,81.5,96,95,93,0,0,0,0,0,0,0,0,0,0,20,68.9,92,93,97,0,0,0,0,0,0,0,0,0,0,41,61.6,91,93,96,49,62.3,91,88,96,0,0,0,0,0,18,73.4,91,87,0,0,0,0,0,0,21,76,87,85,94,0,0,0,0,0,0,0,0,0,0,
44,Staffordshire,69,67,44,66.7,87,85,6.4,14.5,80,84,4.4,115,78,40,78.4,91,91,83,0,0,0,0,0,0,0,0,0,0,0,0,0,0,0,0,0,0,0,0,0,0,0,0,0,30,51.4,91,89,0,12,86.3,95,93,0,0,0,0,0,0,71,60.6,82,78,80,0,0,0,0,0,0,0,0,0,0,41,62.7,86,86,81,0,0,0,0,0,0,0,0,0,0,7,86.3,87,86,91,22,80,92,80,93,0,0,0,0,0,0,0,0,0,0,22,72.6,84,86,89,0,0,0,0,0,0,0,0,0,0,0,0,0,0,0,0,0,0,0,0,0,0,0,0,0,62,49.3,81,74,86,90,57.5,95,87,84,2,95.2,92,89,0,16,89.1,92,85,91,18,73.1,91,94,89,34,72.5,93,93,0,71,37.2,80,76,0,53,65.2,95,94,0,0,0,0,0,0,0,0,0,0,0,22,70.3,80,80,85,0,0,0,0,0,58,62.3,77,73,86,0,0,0,0,0,0,0,0,0,0,62,64.7,93,81,0,55,46.7,84,74,87,0,0,0,0,0,0,0,0,0,0,0,0,0,0,0,0,0,0,0,0,55,59.5,88,88,85,0,0,0,0,0,0,0,0,0,0,52,54.6,92,89,75,31,71.8,85,89,0,10,85.3,92,88,81,0,0,0,0,0,
45,Aberystwyth,108,81,45,66.6,91,91,4.5,16.6,74,92,3.4,120,81,15,86,89,89,94,9,75.8,88,83,94,0,0,0,0,0,0,0,0,0,0,0,0,0,0,0,0,0,0,0,0,6,68.2,95,95,0,38,78.2,94,96,94,0,0,0,0,0,65,61.7,83,78,91,0,0,0,0,0,0,0,0,0,0,55,59.8,81,85,87,46,64.3,85,86,88,0,0,0,0,0,0,0,0,0,0,55,68.8,94,93,86,34,30.4,88,81,0,29,74.3,86,89,0,46,61.7,95,98,91,0,0,0,0,0,0,0,0,0,0,0,0,0,0,0,0,0,0,0,0,0,0,0,0,0,0,0,0,0,0,29,73.8,99,97,93,0,0,0,0,0,43,79,88,80,93,0,0,0,0,0,24,77.8,93,92,95,0,0,0,0,0,51,65.4,96,92,93,0,0,0,0,0,17,79,92,88,0,0,0,0,0,0,52,60.3,96,88,92,0,0,0,0,0,0,0,0,0,0,8,88.1,98,97,95,0,0,0,0,0,0,0,0,0,0,0,0,0,0,0,0,0,0,0,0,36,46.7,88,91,93,18,69.6,97,93,91,39,65.3,93,96,90,0,0,0,0,0,0,0,0,0,0,0,0,0,0,0,0,0,0,0,0,53,66,85,88,0,0,0,0,0,0,
46,Reading,32,29,46,66.5,85,85,5.9,15,76,94,5.7,138,71,25,83.7,79,80,94,5,82,82,90,94,0,0,0,0,0,0,0,0,0,0,0,0,0,0,0,0,0,0,0,0,45,47.2,83,75,94,72,66.8,90,86,96,11,79.3,84,85,95,34,67.9,75,75,95,21,74.7,84,89,95,15,54,97,96,94,101,43,70,70,89,0,0,0,0,0,0,0,0,0,0,23,76.8,86,87,0,61,67.2,87,79,0,7,67.4,88,89,0,63,57.6,80,80,94,8,81.2,86,94,96,0,0,0,0,0,0,0,0,0,0,0,0,0,0,0,0,0,0,0,0,0,0,0,0,0,0,0,0,0,0,29,73.8,94,90,95,0,0,0,0,0,30,85.3,87,78,0,14,75,94,92,98,18,80.4,86,89,96,26,76.7,89,86,0,38,70.7,92,87,97,0,0,0,0,0,0,0,0,0,0,0,0,0,0,0,45,66,83,87,93,0,0,0,0,0,0,0,0,0,0,34,77.3,92,86,93,0,0,0,0,0,0,0,0,0,0,11,75.5,86,91,93,32,44.3,93,93,92,0,0,0,0,0,56,56.5,91,89,92,78,53.2,87,82,95,0,0,0,0,0,0,0,0,0,0,0,0,0,0,0,0,0,0,0,0,0,0,0,0,0,0,0,0,0,0,
47,Bangor,55,63,47,66.2,89,90,3.4,16.7,69,92,4,134,78,59,73.2,84,88,91,4,87.2,93,93,95,0,0,0,0,0,23,55.7,83,76,95,0,0,0,0,0,0,0,0,0,0,0,0,0,0,0,94,59.7,91,93,95,0,0,0,0,0,113,47.4,78,84,87,26,71,87,88,92,0,0,0,0,0,59,58,82,81,88,0,0,0,0,0,0,0,0,0,0,0,0,0,0,0,0,0,0,0,0,20,52.8,93,90,93,0,0,0,0,0,57,52.3,84,84,90,0,0,0,0,0,0,0,0,0,0,16,81.9,86,91,94,0,0,0,0,0,0,0,0,0,0,0,0,0,0,0,27,74.8,94,96,93,0,0,0,0,0,0,0,0,0,0,0,0,0,0,0,32,73.7,93,92,94,0,0,0,0,0,56,63.9,96,95,90,0,0,0,0,0,0,0,0,0,0,0,0,0,0,0,0,0,0,0,0,42,68.4,95,93,91,0,0,0,0,0,20,82.8,97,97,95,23,83.4,99,100,97,20,63.7,82,82,90,0,0,0,0,0,27,46.3,98,95,0,0,0,0,0,0,0,0,0,0,0,35,66.4,93,92,94,0,0,0,0,0,20,61.7,78,82,91,0,0,0,0,0,36,70.6,91,93,89,8,87.1,91,93,90,0,0,0,0,0,
48,Northumbria,50,48,48,66.1,85,85,3.9,16.7,72,91,6.6,144,73,67,70.7,86,94,85,0,0,0,0,0,0,0,0,0,0,0,0,0,0,0,0,0,0,0,0,15,70.8,93,92,98,56,44.2,80,79,86,69,67.7,83,79,97,17,75.4,81,84,92,72,60.3,81,86,91,47,55.5,89,87,93,0,0,0,0,0,81,50.3,71,66,85,41,67.7,87,90,91,0,0,0,0,0,21,77.9,86,85,90,40,74.6,84,77,93,0,0,0,0,0,0,0,0,0,0,11,77.7,84,85,97,0,0,0,0,0,31,61.9,87,83,87,21,79.2,95,94,84,0,0,0,0,0,0,0,0,0,0,39,66.1,72,81,91,28,74.4,93,89,96,0,0,0,0,0,0,0,0,0,0,0,0,0,0,0,43,65.7,93,97,94,4,94,92,95,97,34,71.6,93,93,96,0,0,0,0,0,0,0,0,0,0,10,79.6,92,90,93,46,65.4,88,88,91,47,66.9,87,80,90,0,0,0,0,0,0,0,0,0,0,0,0,0,0,0,12,69.5,86,86,93,0,0,0,0,0,0,0,0,0,0,11,72.8,89,87,0,55,56.6,89,85,0,32,67.7,91,94,92,0,0,0,0,0,0,0,0,0,0,39,63.3,88,80,89,44,67.6,87,90,95,59,62.5,83,86,86,0,0,0,0,0,
49,Liverpool John Moores,84,80,49,66,84,85,4.5,17.3,73,90,6.1,141,75,16,85.8,94,96,88,0,0,0,0,0,0,0,0,0,0,0,0,0,0,0,0,0,0,0,0,29,57,87,86,91,22,57.7,83,72,89,89,61.5,86,84,91,18,75.2,84,90,92,47,65.6,81,84,88,54,35.5,78,74,85,0,0,0,0,0,61,57.5,79,78,88,34,69.4,85,88,89,0,0,0,0,0,12,82.8,84,78,90,20,80.2,90,84,92,0,0,0,0,0,0,0,0,0,0,55,54,80,87,87,0,0,0,0,0,41,57.1,78,85,85,38,72.1,79,73,79,18,43,71,57,0,0,0,0,0,0,17,81.4,84,86,92,63,66.7,86,87,94,29,70.1,84,78,87,7,92.3,93,89,95,40,51.8,89,86,90,54,63.3,91,93,93,60,53.9,86,85,97,11,80.1,96,96,94,0,0,0,0,0,33,64.5,84,83,85,20,71.2,84,91,92,9,82.1,94,95,94,40,69.1,76,73,93,0,0,0,0,0,0,0,0,0,0,0,0,0,0,0,9,71.4,89,91,93,12,75.2,88,92,96,0,0,0,0,0,0,0,0,0,0,0,0,0,0,0,63,57.4,86,87,88,0,0,0,0,0,0,0,0,0,0,38,64.6,83,86,90,53,64.3,85,88,91,33,72.1,80,81,85,0,0,0,0,0,
50,West London,96,58,50,65.9,87,84,4.6,15.6,70,86,6.4,120,78,47,75.5,93,94,83,0,0,0,0,0,0,0,0,0,0,0,0,0,0,0,0,0,0,0,0,0,0,0,0,0,0,0,0,0,0,0,0,0,0,0,37,62.3,76,80,0,105,50.9,85,79,75,0,0,0,0,0,0,0,0,0,0,21,71.6,92,91,80,0,0,0,0,0,0,0,0,0,0,73,33.3,82,72,88,0,0,0,0,0,0,0,0,0,0,0,0,0,0,0,0,0,0,0,0,0,0,0,0,0,11,72.5,99,98,0,0,0,0,0,0,0,0,0,0,0,0,0,0,0,0,0,0,0,0,0,0,0,0,0,0,0,0,0,0,0,55,74.8,55,52,86,24,70.6,94,84,87,0,0,0,0,0,0,0,0,0,0,0,0,0,0,0,0,0,0,0,0,26,72.3,88,85,87,46,55.1,81,76,0,0,0,0,0,0,86,34.1,56,45,80,0,0,0,0,0,0,0,0,0,0,21,83.8,92,87,85,23,62.3,94,92,92,0,0,0,0,0,0,0,0,0,0,0,0,0,0,0,0,0,0,0,0,48,62.9,91,87,84,0,0,0,0,0,0,0,0,0,0,12,81.1,94,80,91,0,0,0,0,0,0,0,0,0,0,0,0,0,0,0,
51,Aberdeen,36,46,51,64.9,88,87,4.5,15.4,78,90,6.2,181,68,71,69.8,74,78,87,0,0,0,0,0,0,0,0,0,0,5,83.5,95,96,0,9,82.7,97,99,0,0,0,0,0,0,0,0,0,0,0,57,70.9,93,90,90,0,0,0,0,0,50,64.4,78,89,0,40,63,92,91,0,0,0,0,0,0,29,67.5,64,64,0,0,0,0,0,0,2,94.2,95,86,0,0,0,0,0,0,0,0,0,0,0,24,50.4,91,86,95,35,70.6,86,88,90,65,47.4,67,63,93,0,0,0,0,0,0,0,0,0,0,0,0,0,0,0,17,50.9,76,69,88,0,0,0,0,0,0,0,0,0,0,25,76.1,98,94,0,0,0,0,0,0,28,86.1,99,90,0,0,0,0,0,0,55,62.9,87,84,97,0,0,0,0,0,48,66.4,95,89,89,0,0,0,0,0,0,0,0,0,0,0,0,0,0,0,0,0,0,0,0,0,0,0,0,0,4,92.2,96,97,98,54,66.7,85,77,86,52,68.3,89,90,0,0,0,0,0,0,13,72.5,95,98,0,35,40.8,97,89,0,9,77.2,93,94,0,72,44.1,82,82,91,40,65.1,87,87,91,32,39.3,84,75,0,0,0,0,0,0,0,0,0,0,0,33,71.4,95,85,0,6,88.7,86,87,0,0,0,0,0,0,
52,Queen's Belfast,48,38,52,64.8,89,88,5.1,15.8,80,95,5.9,153,74,19,85.2,86,90,96,8,77.3,85,85,94,0,0,0,0,0,24,52.7,89,85,96,12,70.2,88,86,0,21,66.8,85,84,94,0,0,0,0,0,79,64.1,86,80,94,5,90.9,97,97,0,49,64.6,78,84,96,43,61.3,81,83,95,0,0,0,0,0,50,61.1,80,78,92,16,74.8,88,86,0,5,75.8,98,100,100,0,0,0,0,0,52,69.3,83,75,0,0,0,0,0,0,58,59,86,87,98,0,0,0,0,0,13,45.4,70,66,96,10,78.3,92,93,94,22,78.4,88,86,97,0,0,0,0,0,0,0,0,0,0,46,61.3,78,77,96,58,67.3,92,89,98,0,0,0,0,0,26,86.5,93,96,86,7,82.2,95,91,0,52,63.9,90,89,95,0,0,0,0,0,47,68,92,93,94,0,0,0,0,0,0,0,0,0,0,0,0,0,0,0,38,69.1,85,76,93,0,0,0,0,0,26,66.3,93,93,99,35,76.8,91,86,94,25,82.2,89,90,93,35,56.3,92,91,96,4,84.5,88,91,96,43,30.5,91,87,0,33,52.4,91,91,96,69,46.4,88,85,92,29,68.6,89,86,96,17,62.5,90,95,96,17,73.9,87,86,0,10,84.5,90,92,95,47,66.8,89,87,91,0,0,0,0,0,0,0,0,0,0,
53,Strathclyde,51,52,53,64.6,88,87,5.2,19.8,80,92,5.5,201,66,4,96.3,92,95,95,0,0,0,0,0,0,0,0,0,0,0,0,0,0,0,0,0,0,0,0,8,81.1,88,79,94,0,0,0,0,0,77,64.9,88,89,96,0,0,0,0,0,20,73.7,90,92,94,50,50.7,80,76,0,0,0,0,0,0,46,61.6,80,85,89,0,0,0,0,0,0,0,0,0,0,0,0,0,0,0,0,0,0,0,0,0,0,0,0,0,19,79.9,90,93,92,69,45.5,83,67,90,24,24.2,72,71,97,37,58.3,86,84,88,25,77.7,89,91,85,0,0,0,0,0,0,0,0,0,0,34,68.2,82,81,93,80,61.6,91,91,90,0,0,0,0,0,0,0,0,0,0,0,0,0,0,0,0,0,0,0,0,3,95.1,98,97,93,56,63.9,94,93,95,0,0,0,0,0,0,0,0,0,0,9,79.9,88,75,93,62,50.2,88,92,88,0,0,0,0,0,0,0,0,0,0,55,65.6,88,87,93,0,0,0,0,0,0,0,0,0,0,26,62.8,85,85,0,0,0,0,0,0,31,56.3,93,88,94,37,63.1,90,89,95,27,70,94,95,91,0,0,0,0,0,2,99.2,94,95,0,17,78.9,98,94,0,0,0,0,0,0,0,0,0,0,0,0,0,0,0,0,
54,Chichester,75,72,54,64.5,89,86,3.2,15.1,65,92,4.7,123,74,89,63.9,88,81,0,0,0,0,0,0,0,0,0,0,0,0,0,0,0,0,0,0,0,0,0,0,0,0,0,0,50,46,86,86,0,0,0,0,0,0,0,0,0,0,0,82,58,77,78,91,0,0,0,0,0,0,0,0,0,0,0,0,0,0,0,0,0,0,0,0,0,0,0,0,0,0,0,0,0,0,22,80,95,92,93,0,0,0,0,0,0,0,0,0,0,13,77.4,95,91,94,0,0,0,0,0,0,0,0,0,0,0,0,0,0,0,0,0,0,0,0,0,0,0,0,0,0,0,0,0,0,67,65.3,95,91,95,0,0,0,0,0,0,0,0,0,0,0,0,0,0,0,0,0,0,0,0,0,0,0,0,0,50,65.5,99,100,92,0,0,0,0,0,34,64.4,78,84,0,0,0,0,0,0,0,0,0,0,0,19,81.4,93,90,90,0,0,0,0,0,0,0,0,0,0,55,67.5,89,78,93,0,0,0,0,0,0,0,0,0,0,0,0,0,0,0,0,0,0,0,0,70,45.3,95,94,0,37,65.7,90,90,0,16,65,96,92,0,0,0,0,0,0,31,70.2,89,88,92,0,0,0,0,0,55,64.7,86,85,89,0,0,0,0,0,
55,Gloucestershire,72,64,55,64.2,87,85,5.6,19,69,92,5.9,123,75,82,66.2,82,75,0,0,0,0,0,0,0,0,0,0,0,0,0,0,0,0,0,0,0,0,0,0,0,0,0,0,65,35.1,76,72,0,28,80,88,93,97,0,0,0,0,0,45,65.8,83,87,94,0,0,0,0,0,0,0,0,0,0,79,51.2,79,74,86,6,86,92,93,91,0,0,0,0,0,43,63.2,87,85,94,68,63.8,93,86,91,0,0,0,0,0,0,0,0,0,0,49,57.7,94,95,95,0,0,0,0,0,0,0,0,0,0,0,0,0,0,0,0,0,0,0,0,0,0,0,0,0,0,0,0,0,0,55,68.1,91,89,93,32,64.6,87,85,0,9,91.7,92,87,95,0,0,0,0,0,27,75.7,92,91,0,0,0,0,0,0,93,39,82,77,0,0,0,0,0,0,0,0,0,0,0,49,53.7,87,89,0,0,0,0,0,0,62,59.9,68,58,92,0,0,0,0,0,0,0,0,0,0,31,76.2,96,95,0,0,0,0,0,0,0,0,0,0,0,0,0,0,0,0,0,0,0,0,0,0,0,0,0,0,65,57,89,87,93,18,57.5,90,78,0,0,0,0,0,0,60,50.3,79,64,88,54,64.1,92,93,0,20,77.1,91,89,87,0,0,0,0,0,
56,Edge Hill,64,56,55,64.2,86,84,3.9,15.2,71,91,5.1,130,77,51,74.3,91,89,88,0,0,0,0,0,0,0,0,0,0,0,0,0,0,0,0,0,0,0,0,0,0,0,0,0,0,0,0,0,0,56,71.5,89,82,92,0,0,0,0,0,39,66.5,83,87,89,0,0,0,0,0,0,0,0,0,0,88,48.9,74,74,0,0,0,0,0,0,0,0,0,0,0,0,0,0,0,0,54,68.9,89,88,87,33,35.2,85,77,0,0,0,0,0,0,14,76.7,81,83,94,0,0,0,0,0,0,0,0,0,0,0,0,0,0,0,0,0,0,0,0,0,0,0,0,0,0,0,0,0,0,41,70.9,94,89,93,0,0,0,0,0,59,68.7,59,40,91,0,0,0,0,0,63,49.9,89,85,96,0,0,0,0,0,70,57.2,94,94,91,0,0,0,0,0,0,0,0,0,0,7,82,96,95,0,0,0,0,0,0,78,52.4,73,66,91,0,0,0,0,0,0,0,0,0,0,48,70.2,89,88,82,29,59.6,90,91,91,0,0,0,0,0,0,0,0,0,0,0,0,0,0,0,0,0,0,0,0,41,65,87,87,92,0,0,0,0,0,0,0,0,0,0,62,49,77,72,92,0,0,0,0,0,63,59.9,85,81,84,0,0,0,0,0,
57,Liverpool,59,67,57,63.6,85,87,6.3,13.5,78,95,6.1,146,74,44,77.4,87,89,92,0,0,0,0,0,0,0,0,0,0,1,100,97,100,99,0,0,0,0,0,31,56.8,83,88,96,0,0,0,0,0,43,76.6,90,87,97,21,72.6,86,93,0,53,63.8,81,82,94,2,94.4,89,92,96,13,54.9,94,88,0,29,67.5,84,85,89,0,0,0,0,0,7,72.8,97,99,99,0,0,0,0,0,0,0,0,0,0,9,63.7,93,91,98,46,65.8,78,80,96,0,0,0,0,0,0,0,0,0,0,29,62.1,79,92,96,52,64.5,84,88,0,0,0,0,0,0,0,0,0,0,0,49,60.8,81,79,95,48,69.9,94,91,96,0,0,0,0,0,0,0,0,0,0,2,94.6,96,92,90,42,66,87,83,98,7,91.5,95,98,96,43,69.3,94,88,96,0,0,0,0,0,0,0,0,0,0,0,0,0,0,0,65,39.6,74,81,92,59,62.2,87,90,94,31,59.7,76,75,98,27,80.3,92,93,0,53,68,91,89,92,5,77.4,92,92,95,5,80.8,97,96,0,39,39.4,91,84,91,5,80.6,89,90,95,53,57.5,88,86,95,83,52.2,77,77,94,0,0,0,0,0,0,0,0,0,0,0,0,0,0,0,65,61,92,89,87,0,0,0,0,0,3,79.6,96,96,98,
58,Cardiff,33,42,58,63,86,85,7,13.5,76,95,4.8,155,70,84,65.8,72,77,95,0,0,0,0,0,0,0,0,0,0,2,86.6,94,97,0,0,0,0,0,0,13,71.9,95,91,95,0,0,0,0,0,62,70,91,86,96,28,68.6,88,90,0,42,66.3,78,86,95,51,50.2,85,90,96,24,29.8,91,85,91,37,65,74,74,94,0,0,0,0,0,10,61,94,94,99,0,0,0,0,0,0,0,0,0,0,26,49.9,91,80,95,71,35.5,65,65,96,26,69.3,88,90,0,0,0,0,0,0,42,54.4,78,83,84,37,72.4,83,78,87,0,0,0,0,0,0,0,0,0,0,53,59.2,68,73,87,83,60.5,94,92,96,0,0,0,0,0,0,0,0,0,0,35,61.3,90,83,95,9,88.1,91,93,100,24,77.3,85,80,94,68,57.9,91,85,97,0,0,0,0,0,0,0,0,0,0,3,84.6,90,94,97,57,53.8,86,90,92,7,89.3,91,95,98,23,72,86,88,99,21,82.6,87,86,97,20,84.2,96,95,97,27,60.8,73,65,91,6,80.2,90,86,97,46,25.5,92,86,91,34,50.4,84,88,92,47,58.9,86,80,97,7,81.7,90,92,98,28,44.1,89,83,96,0,0,0,0,0,0,0,0,0,0,57,63.2,82,79,93,0,0,0,0,0,0,0,0,0,0,
59,Kingston,88,81,58,63,79,79,6.4,16,62,90,5.8,125,70,90,63.4,74,79,90,0,0,0,0,0,0,0,0,0,0,0,0,0,0,0,0,0,0,0,0,22,66,91,89,93,9,66.7,87,85,97,62,70,85,87,90,38,61.1,69,80,85,0,0,0,0,0,42,61.8,86,91,93,0,0,0,0,0,34,66,78,81,86,53,57,83,85,83,0,0,0,0,0,2,99.8,90,86,96,46,71.9,88,76,88,0,0,0,0,0,48,65.1,80,84,88,44,63.2,87,85,91,0,0,0,0,0,49,50,72,79,92,0,0,0,0,0,0,0,0,0,0,0,0,0,0,0,66,42.6,73,76,86,60,66.9,90,82,89,6,90.5,90,86,94,32,84.9,67,52,90,0,0,0,0,0,56,62.5,85,79,90,0,0,0,0,0,79,52.9,86,80,88,0,0,0,0,0,0,0,0,0,0,6,82.7,86,86,0,59,53.7,73,73,0,32,72.2,83,82,93,0,0,0,0,0,0,0,0,0,0,80,41.3,70,67,86,0,0,0,0,0,10,75.6,85,91,95,0,0,0,0,0,0,0,0,0,0,74,39.1,74,74,89,70,56,83,83,90,0,0,0,0,0,0,0,0,0,0,0,0,0,0,0,66,60.2,83,85,91,5,93.2,97,97,82,0,0,0,0,0,
60, SOAS,30,25,58,63,88,86,6.1,12.3,70,89,5.1,148,69,0,0,0,0,0,0,0,0,0,0,0,0,0,0,0,0,0,0,0,0,7,90.1,99,99,84,0,0,0,0,0,0,0,0,0,0,0,0,0,0,0,0,0,0,0,0,11,77,81,83,0,0,0,0,0,0,0,0,0,0,0,0,0,0,0,0,0,0,0,0,0,0,0,0,0,0,0,0,0,0,0,0,0,0,0,0,0,0,0,0,0,42,67.7,80,77,91,0,0,0,0,0,0,0,0,0,0,0,0,0,0,0,0,0,0,0,0,0,0,0,0,0,0,0,0,0,0,0,0,0,0,0,0,0,0,0,0,0,0,0,0,0,0,0,0,0,0,0,0,0,0,0,0,0,0,0,0,0,0,0,0,0,37,70.8,96,94,89,6,82.8,96,94,0,0,0,0,0,0,0,0,0,0,0,0,0,0,0,0,0,0,0,0,0,0,0,0,0,0,51,68.3,89,85,87,0,0,0,0,0,0,0,0,0,0,0,0,0,0,0,0,0,0,0,0,0,0,0,0,0,34,64.5,93,87,92,0,0,0,0,0,20,55.2,90,87,0,0,0,0,0,0,0,0,0,0,0,0,0,0,0,0,0,0,0,0,0,0,0,0,0,0,
61,King's College London,42,39,58,63,87,81,6.2,12.5,83,94,6.2,169,62,0,0,0,0,0,0,0,0,0,0,0,0,0,0,0,4,83.7,89,91,97,0,0,0,0,0,0,0,0,0,0,0,0,0,0,0,22,80.9,92,92,93,0,0,0,0,0,24,71.6,78,78,90,12,80.2,85,77,97,21,43.8,84,82,94,52,60.3,80,80,86,0,0,0,0,0,4,78.7,96,96,98,0,0,0,0,0,0,0,0,0,0,0,0,0,0,0,0,0,0,0,0,0,0,0,0,0,0,0,0,0,0,0,0,0,0,0,0,0,0,0,0,0,0,0,0,0,0,0,0,0,0,0,0,0,0,0,21,78.2,97,90,96,0,0,0,0,0,0,0,0,0,0,0,0,0,0,0,44,65.2,84,77,98,26,76.7,90,94,98,20,76.7,94,86,95,0,0,0,0,0,0,0,0,0,0,0,0,0,0,0,60,52.7,74,70,90,18,81.8,93,78,88,32,44.2,76,67,95,15,83.8,92,89,94,45,71,94,85,0,62,41.9,79,73,93,34,45.7,87,85,98,16,54.3,93,82,96,27,58,89,75,92,13,73.2,92,85,96,0,0,0,0,0,30,39.8,91,86,93,0,0,0,0,0,0,0,0,0,0,0,0,0,0,0,0,0,0,0,0,0,0,0,0,0,
62,Brunel,77,72,58,63,82,83,5,16.4,73,93,6,131,71,96,58,75,82,97,0,0,0,0,0,0,0,0,0,0,0,0,0,0,0,4,96.2,97,98,0,0,0,0,0,0,0,0,0,0,0,20,81.6,97,95,93,0,0,0,0,0,107,50,72,80,95,0,0,0,0,0,0,0,0,0,0,50,61.1,79,81,92,0,0,0,0,0,0,0,0,0,0,15,81.9,89,86,90,50,69.6,82,72,89,0,0,0,0,0,61,57.9,81,88,94,15,76.5,87,84,0,0,0,0,0,0,20,67.6,90,86,93,28,76.3,80,83,90,0,0,0,0,0,0,0,0,0,0,35,67.7,78,77,93,8,85.7,97,96,95,0,0,0,0,0,33,84.8,75,76,92,0,0,0,0,0,0,0,0,0,0,9,88.4,93,93,93,23,75.4,93,94,91,0,0,0,0,0,0,0,0,0,0,59,39.1,70,57,0,38,69.1,81,85,94,46,67.6,87,88,0,0,0,0,0,0,0,0,0,0,0,9,92.3,96,93,0,0,0,0,0,0,0,0,0,0,0,0,0,0,0,0,0,0,0,0,0,51,57.7,89,82,94,67,56.7,89,92,97,0,0,0,0,0,0,0,0,0,0,0,0,0,0,0,16,77.6,93,90,90,51,66.4,85,82,89,0,0,0,0,0,
63,Falmouth,21,32,63,62.9,86,83,4.8,18.4,71,90,4.6,120,77,0,0,0,0,0,0,0,0,0,0,0,0,0,0,0,0,0,0,0,0,0,0,0,0,0,0,0,0,0,0,46,46.8,83,83,93,0,0,0,0,0,0,0,0,0,0,14,75.8,85,74,93,0,0,0,0,0,0,0,0,0,0,0,0,0,0,0,0,0,0,0,0,0,0,0,0,0,33,69.6,92,89,92,71,61.9,84,76,85,0,0,0,0,0,0,0,0,0,0,0,0,0,0,0,0,0,0,0,0,0,0,0,0,0,0,0,0,0,0,0,0,0,0,0,0,0,0,0,0,0,0,0,0,0,89,57.9,90,85,91,16,76.4,92,89,95,45,78.4,79,80,89,0,0,0,0,0,0,0,0,0,0,0,0,0,0,0,0,0,0,0,0,0,0,0,0,0,0,0,0,0,0,40,59.9,89,83,0,0,0,0,0,0,31,72.5,86,80,90,0,0,0,0,0,0,0,0,0,0,65,62.7,91,85,87,0,0,0,0,0,0,0,0,0,0,0,0,0,0,0,0,0,0,0,0,0,0,0,0,0,0,0,0,0,0,0,0,0,0,0,0,0,0,0,0,0,0,0,0,0,0,0,0,0,0,0,0,0,0,0,0,0,0,0,0,
64,Leicester,47,43,63,62.9,86,86,6.5,13.7,76,94,5.9,136,70,42,77.8,78,83,90,0,0,0,0,0,10,52.8,88,80,99,10,76.3,85,87,96,0,0,0,0,0,0,0,0,0,0,0,0,0,0,0,30,79.9,93,92,95,0,0,0,0,0,35,67.4,81,85,95,29,68.9,92,95,91,0,0,0,0,0,62,57.1,82,73,89,28,70.8,91,91,89,0,0,0,0,0,0,0,0,0,0,0,0,0,0,0,19,54.2,90,92,94,68,49.2,74,75,94,0,0,0,0,0,0,0,0,0,0,0,0,0,0,0,0,0,0,0,0,14,58.4,84,80,85,0,0,0,0,0,0,0,0,0,0,53,68.7,88,85,94,0,0,0,0,0,0,0,0,0,0,11,76.4,94,94,90,47,64.9,85,82,95,0,0,0,0,0,64,60.3,90,85,95,0,0,0,0,0,0,0,0,0,0,0,0,0,0,0,57,53.8,71,87,92,12,85,78,85,95,21,73.1,89,83,98,7,88.6,88,98,97,0,0,0,0,0,0,0,0,0,0,0,0,0,0,0,0,0,0,0,0,14,71.4,95,96,96,45,60,89,90,93,64,57.1,86,94,94,0,0,0,0,0,0,0,0,0,0,0,0,0,0,0,41,67.9,91,91,92,0,0,0,0,0,0,0,0,0,0,
65,Bournemouth,79,61,65,62.7,83,81,5.3,17,70,90,7.4,123,69,94,60.4,82,78,88,0,0,0,0,0,0,0,0,0,0,0,0,0,0,0,18,50,93,80,0,0,0,0,0,0,0,0,0,0,0,85,62.8,85,79,93,0,0,0,0,0,55,63.3,79,82,90,0,0,0,0,0,0,0,0,0,0,73,54.5,76,75,87,0,0,0,0,0,0,0,0,0,0,32,69.8,88,89,94,0,0,0,0,0,32,40.3,88,88,0,0,0,0,0,0,0,0,0,0,0,0,0,0,0,0,0,0,0,0,0,13,83.3,97,87,0,8,75.7,89,89,0,0,0,0,0,0,0,0,0,0,0,73,63.5,83,79,95,0,0,0,0,0,60,68.5,69,53,92,37,55.9,93,91,91,58,57,84,82,0,51,60.3,88,79,91,58,63.8,97,87,0,0,0,0,0,0,3,92.5,80,81,90,35,63.1,73,71,88,0,0,0,0,0,32,72.2,84,79,95,0,0,0,0,0,0,0,0,0,0,0,0,0,0,0,45,52.2,85,84,90,0,0,0,0,0,0,0,0,0,0,0,0,0,0,0,0,0,0,0,0,85,52,93,88,92,0,0,0,0,0,0,0,0,0,0,35,67.8,82,83,0,26,72.9,84,79,90,36,71.4,90,90,83,0,0,0,0,0,
66,Plymouth,76,78,66,62.5,87,85,5.3,15.9,70,93,6.1,129,73,60,72.8,92,90,93,0,0,0,0,0,0,0,0,0,0,19,63.3,90,88,93,0,0,0,0,0,25,63.6,89,90,94,28,51.6,81,75,97,50,72.9,94,91,96,43,53.2,81,68,0,68,61,77,83,93,38,64,92,84,93,0,0,0,0,0,68,55.5,87,80,86,23,72,89,88,91,3,79.6,95,94,99,25,75.6,89,88,93,48,71.1,86,82,93,22,52.4,90,90,95,52,63.9,86,89,91,43,63.3,79,79,94,0,0,0,0,0,39,57.8,85,80,94,20,80.1,87,84,91,0,0,0,0,0,0,0,0,0,0,26,76,86,87,94,72,63.9,94,92,91,0,0,0,0,0,57,73.6,71,66,93,0,0,0,0,0,53,63.8,91,91,96,37,69.3,89,86,93,63,61.3,94,91,94,11,73.5,94,91,0,22,75.4,86,86,93,0,0,0,0,0,22,77.2,94,100,96,0,0,0,0,0,20,73.7,92,93,100,0,0,0,0,0,63,64.5,80,71,0,44,52.3,86,76,92,0,0,0,0,0,0,0,0,0,0,0,0,0,0,0,67,52,92,84,89,77,53.4,83,86,94,0,0,0,0,0,0,0,0,0,0,13,81,92,89,87,6,86.1,94,93,0,0,0,0,0,0,0,0,0,0,0,
67,Heriot-Watt,27,26,66,62.5,85,85,7.9,16.7,77,91,5.4,167,69,16,85.8,81,84,94,0,0,0,0,0,0,0,0,0,0,0,0,0,0,0,0,0,0,0,0,0,0,0,0,0,0,0,0,0,0,96,59.3,80,71,93,9,81.4,79,80,90,46,65.7,84,87,90,23,73.4,93,84,94,0,0,0,0,0,53,60.1,79,80,84,0,0,0,0,0,0,0,0,0,0,0,0,0,0,0,0,0,0,0,0,0,0,0,0,0,8,86.3,91,92,0,0,0,0,0,0,25,24.1,73,81,95,30,62,89,91,92,39,72,74,86,86,0,0,0,0,0,0,0,0,0,0,8,87.6,93,93,92,0,0,0,0,0,39,57,84,85,90,0,0,0,0,0,0,0,0,0,0,0,0,0,0,0,0,0,0,0,0,0,0,0,0,0,0,0,0,0,0,0,0,0,0,0,0,0,0,0,0,35,71,89,93,93,0,0,0,0,0,0,0,0,0,0,56,64.9,86,76,91,0,0,0,0,0,0,0,0,0,0,0,0,0,0,0,0,0,0,0,0,43,31.7,81,85,90,0,0,0,0,0,101,44.5,79,77,91,0,0,0,0,0,0,0,0,0,0,0,0,0,0,0,0,0,0,0,0,0,0,0,0,0,0,0,0,0,0,
68,Abertay Dundee,85,66,68,62.4,86,85,2.3,18.5,66,88,5.8,155,75,34,81.4,84,92,0,13,65.1,72,68,0,0,0,0,0,0,0,0,0,0,0,0,0,0,0,0,0,0,0,0,0,0,0,0,0,0,41,77.3,91,97,0,0,0,0,0,0,68,61,81,86,92,0,0,0,0,0,0,0,0,0,0,63,56.9,88,84,83,22,72.2,95,100,0,0,0,0,0,0,66,46.5,83,82,86,0,0,0,0,0,0,0,0,0,0,0,0,0,0,0,0,0,0,0,0,0,0,0,0,0,8,80.1,93,100,0,0,0,0,0,0,0,0,0,0,0,0,0,0,0,0,0,0,0,0,0,0,0,0,0,0,0,0,0,0,0,0,0,0,0,0,47,34.2,79,61,0,0,0,0,0,0,0,0,0,0,0,0,0,0,0,0,0,0,0,0,0,0,0,0,0,0,0,0,0,0,0,0,0,0,0,0,0,0,0,0,0,0,0,0,0,0,0,0,0,0,0,0,0,0,0,0,38,55.2,77,76,89,0,0,0,0,0,0,0,0,0,0,0,0,0,0,0,0,0,0,0,0,44,63.9,80,86,93,0,0,0,0,0,0,0,0,0,0,0,0,0,0,0,56,63.3,88,86,91,43,68.7,85,86,87,0,0,0,0,0,
69,Teesside,102,79,68,62.4,85,83,5.5,17.2,79,90,5.1,119,76,73,69.6,82,96,0,0,0,0,0,0,0,0,0,0,0,0,0,0,0,0,0,0,0,0,0,0,0,0,0,0,12,65.5,95,96,0,18,81.8,91,91,94,0,0,0,0,0,88,56.7,68,73,89,0,0,0,0,0,0,0,0,0,0,45,61.7,81,78,90,35,69.3,81,78,90,0,0,0,0,0,49,59.2,76,76,88,33,76,94,89,0,0,0,0,0,0,0,0,0,0,0,75,35.9,84,92,90,12,45.9,86,84,94,45,52.1,75,83,0,57,60.2,75,77,90,0,0,0,0,0,0,0,0,0,0,11,83.6,92,90,89,23,76.4,94,97,92,0,0,0,0,0,0,0,0,0,0,42,50.6,85,80,91,0,0,0,0,0,22,77.7,94,91,92,29,72.7,96,93,84,0,0,0,0,0,0,0,0,0,0,42,57.8,80,64,85,0,0,0,0,0,64,59,78,70,0,0,0,0,0,0,0,0,0,0,0,5,96.3,94,96,0,33,57.5,89,86,92,0,0,0,0,0,0,0,0,0,0,0,0,0,0,0,0,0,0,0,0,74,54.5,79,81,87,0,0,0,0,0,0,0,0,0,0,73,36.1,62,49,93,48,66.2,81,78,89,47,67.9,82,74,81,0,0,0,0,0,
70,Sheffield Hallam,86,85,70,62.3,85,84,5.2,16.9,69,92,6.4,124,72,65,71.5,87,89,92,12,71.9,88,89,93,0,0,0,0,0,0,0,0,0,0,0,0,0,0,0,42,45,88,86,91,66,30.5,74,63,86,82,63,89,93,92,30,66,84,89,90,63,62.1,81,81,93,32,67,83,80,94,0,0,0,0,0,46,61.6,81,84,90,25,71.7,87,89,92,0,0,0,0,0,24,76.4,89,88,94,81,52.4,83,77,87,0,0,0,0,0,0,0,0,0,0,37,66,87,87,93,0,0,0,0,0,0,0,0,0,0,43,71.2,85,88,92,0,0,0,0,0,9,40,89,80,0,58,54.9,83,81,87,85,59.1,86,77,93,15,76.6,94,92,86,51,76.9,81,81,87,0,0,0,0,0,65,45.8,85,86,96,17,80.6,93,88,95,89,41.8,93,78,94,0,0,0,0,0,18,78.9,83,87,89,47,54.4,77,78,93,54,59.4,86,86,94,34,71.9,84,74,92,0,0,0,0,0,31,78.6,87,87,96,0,0,0,0,0,46,51.7,86,82,93,0,0,0,0,0,0,0,0,0,0,0,0,0,0,0,32,64.7,98,98,92,62,57.9,92,90,94,0,0,0,0,0,0,0,0,0,0,34,68.6,89,74,91,49,66.1,87,89,92,27,73.9,89,87,88,0,0,0,0,0,
71,De Montfort,61,94,71,62.2,84,85,3.7,19.4,81,90,5.1,113,75,49,75.1,84,89,93,0,0,0,0,0,0,0,0,0,0,0,0,0,0,0,0,0,0,0,0,47,35.2,81,70,84,18,60.5,85,88,90,0,0,0,0,0,0,0,0,0,0,51,64.2,80,85,93,52,48,84,86,91,0,0,0,0,0,75,53.5,74,76,85,48,62.8,79,76,88,0,0,0,0,0,14,82.3,88,87,89,41,74.3,90,89,88,0,0,0,0,0,14,81.8,91,95,94,53,55.5,82,78,91,0,0,0,0,0,0,0,0,0,0,53,63.8,77,71,0,0,0,0,0,0,0,0,0,0,0,57,55.5,82,88,85,67,65.3,93,97,92,11,80.3,87,87,91,41,79.9,77,69,0,9,78.1,97,98,94,0,0,0,0,0,56,56.4,88,89,89,22,75.7,97,93,93,0,0,0,0,0,16,80,77,78,0,10,79.6,86,87,92,0,0,0,0,0,43,68.2,80,78,88,0,0,0,0,0,0,0,0,0,0,70,54.6,82,78,81,47,51.6,85,81,91,21,67.8,84,82,96,0,0,0,0,0,40,38.9,93,94,0,14,72.9,90,95,93,81,52.8,94,96,92,0,0,0,0,0,0,0,0,0,0,58,50.9,76,66,88,77,54.1,79,75,0,0,0,0,0,0,0,0,0,0,0,
72,Bradford,52,75,72,61.7,82,81,4.1,16.8,81,90,6.1,130,69,32,82,84,87,92,0,0,0,0,0,0,0,0,0,0,0,0,0,0,0,0,0,0,0,0,0,0,0,0,0,0,0,0,0,0,90,60.7,87,83,88,0,0,0,0,0,59,62.6,81,83,84,18,78.2,81,85,93,0,0,0,0,0,53,60.1,82,84,87,50,61.2,85,81,0,0,0,0,0,0,0,0,0,0,0,0,0,0,0,0,0,0,0,0,0,64,57.5,74,80,0,0,0,0,0,0,3,71.3,89,94,94,27,63.7,76,79,0,0,0,0,0,0,0,0,0,0,0,0,0,0,0,0,21,78.4,76,80,89,0,0,0,0,0,0,0,0,0,0,0,0,0,0,0,25,69.5,88,80,83,0,0,0,0,0,43,65.5,89,89,94,0,0,0,0,0,0,0,0,0,0,0,0,0,0,0,0,0,0,0,0,0,0,0,0,0,49,65.7,76,65,0,0,0,0,0,0,0,0,0,0,0,0,0,0,0,0,14,68.8,90,88,90,33,50,76,66,97,0,0,0,0,0,0,0,0,0,0,61,55.3,84,76,0,108,39.6,79,74,89,0,0,0,0,0,0,0,0,0,0,57,51.7,79,76,89,79,52.8,85,81,0,23,75.5,84,79,0,0,0,0,0,0,
73,Manchester Met,60,76,73,61,83,84,3.6,15.3,69,90,4.1,133,74,80,66.7,84,89,88,9,75.8,94,90,89,0,0,0,0,0,0,0,0,0,0,0,0,0,0,0,0,0,0,0,0,24,53.6,81,82,94,66,68.2,85,84,95,0,0,0,0,0,87,56.9,74,74,92,39,63.3,83,81,87,0,0,0,0,0,97,46.6,72,72,83,18,74,86,87,86,0,0,0,0,0,17,79.8,86,86,91,52,69.3,90,83,89,28,48.5,85,82,0,50,64.3,88,94,0,36,67.1,81,82,93,0,0,0,0,0,0,0,0,0,0,60,52.7,73,67,78,0,0,0,0,0,0,0,0,0,0,63,48.7,74,75,85,50,68.9,93,93,94,26,71.8,86,86,87,34,84.2,85,83,88,0,0,0,0,0,62,52.9,82,79,90,20,78.8,91,91,92,74,56.1,93,91,93,0,0,0,0,0,13,82.8,82,88,87,26,68.2,82,88,85,40,68.7,88,94,91,45,67.9,78,75,88,0,0,0,0,0,50,68.7,91,95,92,68,60.2,83,85,87,24,62.2,94,94,91,0,0,0,0,0,45,29.2,88,93,90,0,0,0,0,0,76,35.4,83,83,86,81,52.8,88,89,91,0,0,0,0,0,0,0,0,0,0,45,59.9,85,87,86,51,65.3,86,87,90,31,73.5,81,77,87,0,0,0,0,0,
74,Sunderland,79,71,74,60.9,86,83,5.7,15.6,69,86,5,119,73,38,78.7,84,86,0,0,0,0,0,0,0,0,0,0,0,0,0,0,0,0,0,0,0,0,0,0,0,0,0,0,23,54.1,84,78,88,59,70.7,91,93,90,0,0,0,0,0,66,61.6,85,86,92,0,0,0,0,0,0,0,0,0,0,44,62.1,84,77,0,0,0,0,0,0,0,0,0,0,0,56,53.7,83,80,88,79,53.5,81,76,87,0,0,0,0,0,0,0,0,0,0,20,73.4,83,86,97,0,0,0,0,0,0,0,0,0,0,0,0,0,0,0,0,0,0,0,0,0,0,0,0,0,13,82.3,89,89,89,70,64.1,94,89,88,33,63.6,80,76,0,6,93.7,95,91,94,0,0,0,0,0,0,0,0,0,0,31,74,84,75,0,96,33,91,92,85,0,0,0,0,0,2,98.2,99,100,91,31,65.5,84,83,88,0,0,0,0,0,14,83.6,90,86,90,0,0,0,0,0,0,0,0,0,0,47,70.7,96,86,0,0,0,0,0,0,35,39,83,75,89,0,0,0,0,0,0,0,0,0,0,0,0,0,0,0,90,49.3,83,79,0,0,0,0,0,0,0,0,0,0,0,72,38.4,86,87,86,83,51.2,87,88,84,50,67.3,82,78,82,0,0,0,0,0,
75,University of the Arts London,53,59,75,60.4,77,72,9.9,14.4,56,89,5.6,136,74,0,0,0,0,0,0,0,0,0,0,0,0,0,0,0,0,0,0,0,0,0,0,0,0,0,18,69.2,86,87,0,21,58,78,74,93,0,0,0,0,0,0,0,0,0,0,78,59.1,75,73,92,0,0,0,0,0,0,0,0,0,0,0,0,0,0,0,0,0,0,0,0,0,0,0,0,0,55,54.2,77,75,87,55,68.8,83,72,90,0,0,0,0,0,0,0,0,0,0,0,0,0,0,0,0,0,0,0,0,0,0,0,0,0,0,0,0,0,0,0,0,0,0,0,0,0,0,0,0,0,0,0,0,0,0,0,0,0,0,27,71.5,77,75,92,22,87.4,75,73,89,0,0,0,0,0,0,0,0,0,0,0,0,0,0,0,0,0,0,0,0,0,0,0,0,0,0,0,0,0,0,58,43.1,77,71,87,0,0,0,0,0,80,51.9,70,63,86,0,0,0,0,0,0,0,0,0,0,0,0,0,0,0,0,0,0,0,0,0,0,0,0,0,0,0,0,0,0,0,0,0,0,0,0,0,0,0,0,0,0,0,0,0,0,0,0,0,0,0,0,0,0,0,0,0,0,0,0,0,0,0,0,0,0,0,0,0,0,0,0,0,0,0,
76,Central Lancashire,87,67,76,59.8,84,82,5,16.4,70,88,5.7,129,72,47,75.5,99,100,88,0,0,0,0,0,0,0,0,0,0,17,70,91,92,0,0,0,0,0,0,30,56.9,92,85,0,33,50,83,83,88,61,70.4,90,81,0,24,70.4,85,79,0,93,54.9,79,76,86,14,79.6,89,94,92,0,0,0,0,0,80,51.1,89,89,78,56,54.6,87,82,83,6,75.6,92,93,0,41,64.2,83,82,88,20,80.2,89,84,91,0,0,0,0,0,30,73.8,95,99,0,40,64,80,81,0,0,0,0,0,0,40,57.6,75,69,0,27,77.1,92,92,0,12,62.3,75,80,0,0,0,0,0,0,56,56,73,73,88,77,62,86,88,88,34,63.5,83,82,89,42,79.8,75,65,88,30,67.4,89,81,91,57,57.1,90,89,0,63,52.1,88,90,88,75,55.4,89,88,86,0,0,0,0,0,30,69.7,77,81,83,33,65.2,83,82,91,10,81.4,91,95,0,53,62.9,70,67,90,0,0,0,0,0,52,68.2,86,85,94,50,68.4,87,81,82,59,44.2,81,78,92,19,69.3,71,66,97,9,59.4,99,91,0,29,57.1,87,81,94,0,0,0,0,0,52,60.8,84,81,89,0,0,0,0,0,16,75.6,77,88,88,23,75.3,86,86,89,40,68.2,88,82,0,28,73.8,92,93,79,0,0,0,0,0,
77,Goldsmiths,46,64,76,59.8,87,82,4.4,14.7,55,88,6.9,130,68,0,0,0,0,0,0,0,0,0,0,0,0,0,0,0,0,0,0,0,0,13,68.3,94,98,86,0,0,0,0,0,3,70.2,86,84,95,0,0,0,0,0,0,0,0,0,0,7,80.3,83,89,0,0,0,0,0,0,0,0,0,0,0,63,56.9,81,78,85,0,0,0,0,0,0,0,0,0,0,3,99.3,90,89,93,75,58.4,79,71,83,0,0,0,0,0,0,0,0,0,0,50,57.2,90,81,91,0,0,0,0,0,0,0,0,0,0,0,0,0,0,0,0,0,0,0,0,0,0,0,0,0,0,0,0,0,0,103,40.6,81,77,88,0,0,0,0,0,0,0,0,0,0,0,0,0,0,0,0,0,0,0,0,0,0,0,0,0,85,49,92,83,88,14,67.9,92,83,88,0,0,0,0,0,15,75.7,0,0,0,0,0,0,0,0,16,82.2,87,80,90,0,0,0,0,0,0,0,0,0,0,60,65.3,83,76,89,0,0,0,0,0,0,0,0,0,0,0,0,0,0,0,0,0,0,0,0,77,33.4,91,87,87,60,58.3,92,82,88,0,0,0,0,0,0,0,0,0,0,55,51.9,79,75,87,43,67.7,91,88,88,0,0,0,0,0,0,0,0,0,0,
78,London South Bank,107,92,78,59.5,84,82,4.2,16.5,82,86,5.4,107,71,7,90.1,90,90,93,0,0,0,0,0,0,0,0,0,0,0,0,0,0,0,0,0,0,0,0,49,31.4,84,81,78,0,0,0,0,0,103,46,77,69,88,36,62.4,81,90,80,82,58,83,88,77,0,0,0,0,0,0,0,0,0,0,83,49.7,71,76,75,55,55.6,78,76,82,0,0,0,0,0,31,69.9,86,83,0,45,72.3,88,81,90,0,0,0,0,0,0,0,0,0,0,32,67.8,86,84,88,22,35.5,84,75,90,24,64.4,94,93,90,45,69.6,72,69,0,0,0,0,0,0,0,0,0,0,0,40,65.4,79,75,80,0,0,0,0,0,0,0,0,0,0,40,80.3,84,82,84,46,44,90,79,0,0,0,0,0,0,41,65.8,83,76,89,0,0,0,0,0,0,0,0,0,0,44,56.3,78,75,84,16,75.1,89,93,0,0,0,0,0,0,35,70.6,88,84,0,0,0,0,0,0,0,0,0,0,0,71,52.9,71,57,0,43,52.6,84,85,90,0,0,0,0,0,0,0,0,0,0,0,0,0,0,0,0,0,0,0,0,94,48.6,80,73,87,0,0,0,0,0,0,0,0,0,0,21,75.8,81,76,87,60,61.8,78,76,0,56,63.5,83,83,0,0,0,0,0,0,
79,Robert Gordon,44,62,78,59.5,84,85,3.3,20.6,78,92,4.7,157,71,68,70.6,92,99,88,0,0,0,0,0,0,0,0,0,0,0,0,0,0,0,0,0,0,0,0,40,45.7,85,85,87,14,64.2,92,94,94,75,66.2,90,83,94,32,64.6,71,73,0,61,62.2,86,87,93,0,0,0,0,0,0,0,0,0,0,58,58.8,83,79,92,0,0,0,0,0,0,0,0,0,0,40,64.4,85,76,93,0,0,0,0,0,0,0,0,0,0,0,0,0,0,0,0,0,0,0,0,0,0,0,0,0,0,0,0,0,0,50,64.9,77,87,0,0,0,0,0,0,0,0,0,0,0,50,60.7,73,85,96,0,0,0,0,0,10,81.3,85,76,0,0,0,0,0,0,41,50.8,85,84,0,0,0,0,0,0,20,78.8,95,98,98,0,0,0,0,0,0,0,0,0,0,29,71,88,88,89,39,60.2,80,68,0,0,0,0,0,0,50,64.5,82,73,0,0,0,0,0,0,0,0,0,0,0,0,0,0,0,0,68,32.1,79,69,86,8,77,87,92,95,0,0,0,0,0,0,0,0,0,0,0,0,0,0,0,0,0,0,0,0,0,0,0,0,0,0,0,0,0,0,16,79,98,96,95,85,49.7,87,91,92,48,67.8,86,89,0,0,0,0,0,0,
80,St Mary's Twickenham,106,105,80,59.4,86,85,4,15.7,71,89,5.6,119,70,0,0,0,0,0,0,0,0,0,0,0,0,0,0,0,26,35.6,77,67,90,0,0,0,0,0,0,0,0,0,0,0,0,0,0,0,46,75.9,85,84,94,0,0,0,0,0,42,66.3,85,87,85,0,0,0,0,0,0,0,0,0,0,0,0,0,0,0,0,0,0,0,0,0,0,0,0,0,0,0,0,0,0,44,72.8,93,86,93,0,0,0,0,0,0,0,0,0,0,34,67.3,89,92,92,0,0,0,0,0,0,0,0,0,0,0,0,0,0,0,0,0,0,0,0,0,0,0,0,0,0,0,0,0,0,99,50.9,90,81,89,0,0,0,0,0,0,0,0,0,0,0,0,0,0,0,0,0,0,0,0,0,0,0,0,0,76,54.6,94,91,0,0,0,0,0,0,41,58.2,83,92,0,0,0,0,0,0,0,0,0,0,0,69,56.4,76,65,90,0,0,0,0,0,0,0,0,0,0,0,0,0,0,0,0,0,0,0,0,0,0,0,0,0,0,0,0,0,0,0,0,0,0,0,0,0,0,0,0,87,50.2,85,82,89,22,53.2,90,87,0,0,0,0,0,0,0,0,0,0,0,73,56.9,82,82,0,41,68.9,79,80,86,0,0,0,0,0
81,Solent,100,103,81,59.3,83,82,3.5,15.7,65,88,5.6,116,72,102,50,75,84,90,0,0,0,0,0,0,0,0,0,0,0,0,0,0,0,0,0,0,0,0,24,65.4,93,95,0,47,46.7,77,68,0,0,0,0,0,0,0,0,0,0,0,90,55.6,75,75,88,0,0,0,0,0,0,0,0,0,0,86,49.5,77,78,86,47,63.2,87,82,91,0,0,0,0,0,48,59.7,83,80,90,86,39.8,82,68,0,0,0,0,0,0,0,0,0,0,0,0,0,0,0,0,0,0,0,0,0,0,0,0,0,0,47,68.9,93,92,0,0,0,0,0,0,0,0,0,0,0,37,67.6,80,74,84,16,81,95,90,90,35,63.3,83,80,91,56,74.6,84,78,85,0,0,0,0,0,0,0,0,0,0,0,0,0,0,0,0,0,0,0,0,0,0,0,0,0,0,0,0,0,0,17,73.2,92,87,89,0,0,0,0,0,15,83.5,85,84,93,0,0,0,0,0,0,0,0,0,0,72,52.8,88,81,87,0,0,0,0,0,0,0,0,0,0,0,0,0,0,0,0,0,0,0,0,0,0,0,0,0,115,30,83,86,86,0,0,0,0,0,0,0,0,0,0,75,33.6,66,47,90,0,0,0,0,0,39,69.3,87,84,86,0,0,0,0,0,
82,Westminster,112,108,81,59.3,79,79,4.8,17,68,91,6.4,123,68,39,78.6,84,88,92,0,0,0,0,0,0,0,0,0,0,0,0,0,0,0,0,0,0,0,0,16,70.5,94,95,89,0,0,0,0,0,85,62.8,79,79,90,23,71,89,87,88,89,55.7,69,72,91,0,0,0,0,0,0,0,0,0,0,82,49.9,75,78,89,13,77.2,88,90,90,0,0,0,0,0,29,74.9,81,82,92,0,0,0,0,0,0,0,0,0,0,0,0,0,0,0,0,0,0,0,0,0,0,0,0,0,0,0,0,0,0,54,63.5,76,75,84,0,0,0,0,0,0,0,0,0,0,0,0,0,0,0,40,71,88,88,95,13,78.1,81,84,94,15,89.2,85,82,91,0,0,0,0,0,0,0,0,0,0,0,0,0,0,0,77,54.5,84,87,91,0,0,0,0,0,10,84,83,85,90,51,51.5,65,65,87,0,0,0,0,0,17,82,77,68,96,0,0,0,0,0,46,70.7,82,72,90,69,58.4,71,73,92,0,0,0,0,0,0,0,0,0,0,0,0,0,0,0,0,0,0,0,0,49,58.6,90,90,90,76,53.5,81,81,93,0,0,0,0,0,0,0,0,0,0,0,0,0,0,0,28,72,88,90,94,0,0,0,0,0,0,0,0,0,0,
83,Queen Mary,34,44,83,59.1,84,83,6.4,13.1,73,94,4.6,148,67,56,73.6,81,92,0,0,0,0,0,0,0,0,0,0,0,0,0,0,0,0,0,0,0,0,0,0,0,0,0,0,0,0,0,0,0,78,64.6,80,79,96,0,0,0,0,0,70,60.7,77,80,90,49,50.9,81,78,97,0,0,0,0,0,103,41.2,74,78,89,0,0,0,0,0,12,52.6,90,89,99,0,0,0,0,0,28,78.7,91,86,90,0,0,0,0,0,45,66.6,82,88,96,0,0,0,0,0,0,0,0,0,0,0,0,0,0,0,34,73.6,70,67,0,0,0,0,0,0,10,32.8,79,87,0,64,47.4,74,68,94,44,70.5,94,90,93,0,0,0,0,0,0,0,0,0,0,0,0,0,0,0,41,66.3,89,82,95,0,0,0,0,0,25,74.4,92,91,96,0,0,0,0,0,0,0,0,0,0,0,0,0,0,0,64,43.4,76,78,94,1,100,97,95,0,9,89.2,93,92,97,38,74.9,95,93,91,0,0,0,0,0,0,0,0,0,0,0,0,0,0,0,0,0,0,0,0,37,46.3,84,87,90,65,52.2,87,86,93,95,48.2,75,65,94,0,0,0,0,0,0,0,0,0,0,0,0,0,0,0,0,0,0,0,0,0,0,0,0,0,0,0,0,0,0,
84,Queen Margaret,101,100,84,58.9,84,81,2.6,18.5,77,87,6.2,149,68,0,0,0,0,0,0,0,0,0,0,0,0,0,0,0,0,0,0,0,0,0,0,0,0,0,0,0,0,0,0,0,0,0,0,0,73,66.6,80,78,91,0,0,0,0,0,92,55.3,79,70,0,0,0,0,0,0,0,0,0,0,0,0,0,0,0,0,0,0,0,0,0,0,0,0,0,0,0,0,0,0,0,72,61.2,86,79,91,0,0,0,0,0,0,0,0,0,0,0,0,0,0,0,0,0,0,0,0,0,0,0,0,0,0,0,0,0,0,0,0,0,0,0,0,0,0,0,0,0,0,0,0,0,0,0,0,0,0,0,0,0,0,0,0,0,0,0,0,0,0,0,0,0,0,0,0,0,0,54,58.5,84,75,95,0,0,0,0,0,0,0,0,0,0,20,77.1,83,80,0,0,0,0,0,0,0,0,0,0,0,77,53.3,84,75,86,0,0,0,0,0,0,0,0,0,0,0,0,0,0,0,4,81.5,100,99,0,27,61.5,88,87,0,0,0,0,0,0,0,0,0,0,0,0,0,0,0,0,89,49.7,77,73,92,0,0,0,0,0,0,0,0,0,0,0,0,0,0,0,14,77.9,89,89,0,0,0,0,0,0,0,0,0,0,0,
85,Leeds Trinity,88,111,85,58.7,86,84,3.7,19.5,68,89,7,100,76,0,0,0,0,0,0,0,0,0,0,0,0,0,0,0,0,0,0,0,0,0,0,0,0,0,0,0,0,0,0,0,0,0,0,0,0,0,0,0,0,0,0,0,0,0,67,61.5,93,93,88,0,0,0,0,0,0,0,0,0,0,0,0,0,0,0,0,0,0,0,0,0,0,0,0,0,0,0,0,0,0,0,0,0,0,0,0,0,0,0,0,0,0,0,0,0,52,56.6,86,88,93,0,0,0,0,0,0,0,0,0,0,0,0,0,0,0,0,0,0,0,0,0,0,0,0,0,0,0,0,0,0,60,66.9,91,92,89,0,0,0,0,0,0,0,0,0,0,0,0,0,0,0,0,0,0,0,0,0,0,0,0,0,81,52,85,80,0,0,0,0,0,0,0,0,0,0,0,29,68,74,67,91,0,0,0,0,0,21,78.9,89,87,87,0,0,0,0,0,0,0,0,0,0,0,0,0,0,0,0,0,0,0,0,0,0,0,0,0,29,45.5,97,93,0,0,0,0,0,0,0,0,0,0,0,72,55.2,96,89,89,26,47.9,94,89,0,0,0,0,0,0,0,0,0,0,0,0,0,0,0,0,72,49.3,83,81,84,0,0,0,0,0,
86,Bolton,93,86,85,58.7,84,83,4.7,14.7,65,82,3.8,112,76,31,82.3,84,96,0,0,0,0,0,0,0,0,0,0,0,0,0,0,0,0,0,0,0,0,0,0,0,0,0,0,35,49.4,87,90,84,0,0,0,0,0,34,63.7,77,90,0,99,52.5,77,92,82,0,0,0,0,0,0,0,0,0,0,78,51.4,79,70,81,0,0,0,0,0,0,0,0,0,0,0,0,0,0,0,0,0,0,0,0,0,0,0,0,0,0,0,0,0,0,0,0,0,0,0,0,0,0,0,0,0,0,0,0,0,55,63.2,78,71,84,0,0,0,0,0,0,0,0,0,0,65,45.5,84,71,84,10,84,99,100,0,0,0,0,0,0,54,75.3,81,74,0,0,0,0,0,0,0,0,0,0,0,0,0,0,0,0,0,0,0,0,0,0,0,0,0,0,0,0,0,0,0,0,0,0,0,0,0,0,0,0,0,0,0,0,0,0,0,0,0,0,0,0,0,0,0,0,0,0,0,0,0,17,66.6,93,86,89,0,0,0,0,0,0,0,0,0,0,0,0,0,0,0,0,0,0,0,0,66,56.8,92,92,88,0,0,0,0,0,0,0,0,0,0,0,0,0,0,0,0,0,0,0,0,35,71.5,83,82,79,0,0,0,0,0,
87,Trinity Saint David,0,112,85,58.7,86,83,3,15,54,87,5,112,78,0,0,0,0,0,0,0,0,0,0,0,0,0,0,0,0,0,0,0,0,20,37.5,87,82,0,0,0,0,0,0,20,58.1,85,80,90,0,0,0,0,0,44,36.5,60,44,0,61,62.2,91,87,85,0,0,0,0,0,23,31.4,95,88,89,69,54.9,81,84,0,0,0,0,0,0,0,0,0,0,0,11,83,90,87,88,55,68.8,92,87,87,0,0,0,0,0,0,0,0,0,0,50,57.2,93,93,91,0,0,0,0,0,0,0,0,0,0,0,0,0,0,0,0,0,0,0,0,0,0,0,0,0,43,62.9,85,87,86,86,58.7,82,74,0,8,83.3,90,87,0,53,76.1,76,73,88,26,69.3,97,88,0,0,0,0,0,0,72,34.7,73,65,0,59,63.5,97,87,88,0,0,0,0,0,43,56.4,84,91,81,0,0,0,0,0,0,0,0,0,0,0,0,0,0,0,0,0,0,0,0,0,0,0,0,0,0,0,0,0,0,0,0,0,0,0,0,0,0,0,0,0,0,0,0,0,0,0,0,0,0,0,0,0,0,0,97,48,87,84,87,31,39.7,88,87,0,26,50,80,91,88,70,40.4,82,90,0,0,0,0,0,0,46,68,79,78,81,0,0,0,0,0,
88,East London,115,107,88,58.2,85,83,4.1,17,61,89,5.3,111,74,26,83.3,75,85,91,0,0,0,0,0,0,0,0,0,0,13,75.5,94,94,0,0,0,0,0,0,17,69.5,88,83,80,49,46.3,79,77,0,99,54.5,80,71,91,0,0,0,0,0,80,58.7,80,83,88,0,0,0,0,0,0,0,0,0,0,26,68.6,91,91,86,29,70.7,88,86,88,0,0,0,0,0,59,50.4,77,74,87,37,74.9,94,88,93,0,0,0,0,0,44,66.8,84,77,0,73,40.2,81,82,88,0,0,0,0,0,43,53.6,91,96,87,0,0,0,0,0,0,0,0,0,0,0,0,0,0,0,0,0,0,0,0,54,68.2,93,93,92,46,39.9,77,74,0,38,82.2,89,82,90,0,0,0,0,0,0,0,0,0,0,42,65.6,87,86,88,88,45.6,83,73,0,0,0,0,0,0,46,48.9,57,44,88,25,68.6,88,81,88,0,0,0,0,0,52,63.3,87,79,84,0,0,0,0,0,0,0,0,0,0,79,41.8,64,52,89,0,0,0,0,0,37,33.8,90,86,0,0,0,0,0,0,0,0,0,0,0,58,56,91,85,0,53,60.7,87,89,0,0,0,0,0,0,0,0,0,0,0,7,91.5,89,85,90,23,75.3,91,90,90,60,61.3,87,83,82,0,0,0,0,0,
89,Salford,83,99,88,58.2,84,83,3.4,15,70,87,4.8,128,76,70,70.4,85,86,90,0,0,0,0,0,0,0,0,0,0,0,0,0,0,0,0,0,0,0,0,33,56.4,83,88,85,51,45.9,83,83,86,87,62.7,88,89,92,29,67.2,82,79,80,110,49.1,73,76,86,0,0,0,0,0,0,0,0,0,0,77,52.7,82,79,79,39,68,88,89,0,0,0,0,0,0,30,70.3,88,85,87,64,66.3,83,79,87,0,0,0,0,0,58,59,78,84,0,0,0,0,0,0,0,0,0,0,0,48,50.1,85,92,80,31,75.3,83,75,88,0,0,0,0,0,0,0,0,0,0,59,51.2,78,78,86,50,68.9,93,87,89,4,90.7,91,89,0,50,77.2,79,74,0,0,0,0,0,0,39,68.2,86,86,92,45,64.9,91,88,90,60,63,93,94,0,0,0,0,0,0,34,64.4,77,84,84,24,68.8,91,90,86,0,0,0,0,0,51,63.9,81,75,88,0,0,0,0,0,0,0,0,0,0,25,82.2,89,92,86,50,50.3,82,83,92,0,0,0,0,0,0,0,0,0,0,39,39.6,91,96,85,28,66.6,93,94,0,73,55,86,81,87,0,0,0,0,0,15,76.6,89,84,83,11,82.9,85,89,94,80,52.3,88,89,81,57,63.3,93,89,80,0,0,0,0,0,
90,Hertfordshire,94,102,90,58,84,82,4.1,17.9,79,91,4.4,119,70,58,73.4,85,88,93,0,0,0,0,0,0,0,0,0,0,0,0,0,0,0,0,0,0,0,0,0,0,0,0,0,67,26.6,80,69,0,71,67.1,87,81,90,0,0,0,0,0,77,59.2,77,80,91,0,0,0,0,0,0,0,0,0,0,94,47.5,79,78,85,0,0,0,0,0,0,0,0,0,0,42,63.3,89,82,93,0,0,0,0,0,0,0,0,0,0,27,74.5,90,90,93,31,68.1,89,89,95,0,0,0,0,0,0,0,0,0,0,33,74.1,88,84,0,0,0,0,0,0,0,0,0,0,0,52,60.2,84,81,91,66,65.4,97,86,88,44,47.1,89,82,0,16,89.1,84,82,91,0,0,0,0,0,66,36.2,80,71,93,52,60.1,89,86,94,30,72.2,93,91,93,0,0,0,0,0,15,82.1,86,92,93,36,62.5,82,85,0,53,60.1,89,87,92,0,0,0,0,0,0,0,0,0,0,45,70.8,87,94,0,77,48.4,85,84,85,42,53,86,84,93,23,66.1,95,95,95,14,54.9,94,94,0,23,64.2,90,94,87,0,0,0,0,0,88,49.9,84,82,93,0,0,0,0,0,0,0,0,0,0,29,72.2,83,65,90,0,0,0,0,0,60,61.3,87,77,85,0,0,0,0,0,
91,Worcester,95,88,91,57.6,86,84,3.5,16.7,67,90,5.1,119,74,45,77,83,79,0,0,0,0,0,0,0,0,0,0,0,0,0,0,0,0,0,0,0,0,0,0,0,0,0,0,56,44.2,84,84,0,34,79.2,91,88,94,0,0,0,0,0,96,54.3,73,77,89,0,0,0,0,0,0,0,0,0,0,59,58,91,76,83,0,0,0,0,0,0,0,0,0,0,33,69.6,92,89,90,50,69.6,90,92,85,0,0,0,0,0,0,0,0,0,0,24,70.6,93,94,92,0,0,0,0,0,0,0,0,0,0,0,0,0,0,0,0,0,0,0,0,0,0,0,0,0,0,0,0,0,0,100,50.3,92,83,94,0,0,0,0,0,0,0,0,0,0,44,44.8,83,81,86,38,69.1,90,88,92,14,83.3,99,100,93,90,40.3,90,89,90,0,0,0,0,0,0,0,0,0,0,48,54.1,83,82,0,0,0,0,0,0,82,46.1,81,67,87,0,0,0,0,0,0,0,0,0,0,0,0,0,0,0,31,59,92,88,95,0,0,0,0,0,0,0,0,0,0,0,0,0,0,0,0,0,0,0,0,91,49,87,83,90,0,0,0,0,0,0,0,0,0,0,67,44.1,81,68,0,86,48.3,82,70,0,66,58.7,82,82,87,0,0,0,0,0,
92,Winchester,63,90,92,57.4,87,86,2.6,16.3,63,92,6.2,112,72,78,68,82,92,96,0,0,0,0,0,5,74.8,93,90,0,0,0,0,0,0,0,0,0,0,0,0,0,0,0,0,0,0,0,0,0,0,0,0,0,0,0,0,0,0,0,57,62.9,83,81,90,0,0,0,0,0,0,0,0,0,0,0,0,0,0,0,58,52.1,92,85,91,0,0,0,0,0,53,54.5,81,80,0,67,64,81,84,88,0,0,0,0,0,0,0,0,0,0,12,77.5,93,94,96,0,0,0,0,0,0,0,0,0,0,0,0,0,0,0,0,0,0,0,0,0,0,0,0,0,0,0,0,0,0,80,61.6,93,89,91,0,0,0,0,0,0,0,0,0,0,36,57.3,94,98,86,0,0,0,0,0,0,0,0,0,0,87,45.7,91,90,93,0,0,0,0,0,12,82.9,86,92,0,60,32.9,68,59,0,0,0,0,0,0,60,62.1,86,77,92,0,0,0,0,0,0,0,0,0,0,59,65.7,81,77,0,0,0,0,0,0,0,0,0,0,0,0,0,0,0,0,0,0,0,0,0,45,60,91,91,0,112,35.8,85,74,91,35,33.1,76,66,0,0,0,0,0,0,26,72.8,91,89,86,75,55.2,92,85,95,29,73.6,85,79,90,0,0,0,0,0,
93,Ulster,79,96,93,57.2,84,85,3.1,17.1,68,91,5.5,127,74,77,68.3,80,82,93,0,0,0,0,0,0,0,0,0,0,22,55.9,81,79,0,0,0,0,0,0,48,33.3,82,70,93,8,67,89,82,97,5,90.3,93,92,95,27,68.8,87,82,88,98,53.2,83,86,82,0,0,0,0,0,0,0,0,0,0,98,45.4,74,77,93,33,69.7,90,89,93,0,0,0,0,0,63,49.1,80,69,95,64,66.3,91,88,0,27,49.8,95,94,97,57,59.7,82,89,98,56,52.8,79,80,0,0,0,0,0,0,32,61.8,86,91,84,14,82.5,88,94,87,0,0,0,0,0,0,0,0,0,0,44,62.7,79,76,91,92,55,89,93,89,30,67.4,80,68,98,11,90.3,93,81,88,0,0,0,0,0,45,65,95,94,97,57,55.4,84,82,97,95,35.7,83,79,94,0,0,0,0,0,6,88.1,91,94,93,53,50.2,77,85,93,0,0,0,0,0,84,42.7,76,69,93,0,0,0,0,0,43,72.5,87,85,94,27,82.1,97,94,0,34,56.5,86,85,94,2,94,92,94,0,0,0,0,0,0,0,0,0,0,0,36,64,84,90,95,68,56.4,87,87,93,0,0,0,0,0,22,60.8,90,96,0,46,59.7,83,85,93,68,59.6,88,91,89,34,71.9,90,87,91,0,0,0,0,0,
94,Chester,65,77,94,57.1,87,85,4.4,15.3,70,89,4.2,114,75,52,74.1,93,93,89,0,0,0,0,0,0,0,0,0,0,0,0,0,0,0,0,0,0,0,0,0,0,0,0,0,24,53.6,75,71,0,67,68,87,80,91,0,0,0,0,0,90,55.6,78,80,88,0,0,0,0,0,0,0,0,0,0,74,53.7,83,73,85,61,47.2,85,84,88,0,0,0,0,0,51,56.7,79,80,0,38,74.7,87,87,86,0,0,0,0,0,43,66.9,84,80,0,34,67.3,84,85,91,0,0,0,0,0,0,0,0,0,0,0,0,0,0,0,0,0,0,0,0,0,0,0,0,0,0,0,0,0,0,98,51.1,91,85,92,0,0,0,0,0,46,78.1,78,74,0,23,71.2,98,90,0,33,72.8,91,95,96,67,43.6,89,79,88,83,50.5,91,98,91,0,0,0,0,0,32,65.4,80,86,90,55,50,79,77,82,47,64,90,82,94,76,53.4,92,86,80,0,0,0,0,0,32,78.1,92,93,90,40,72.4,96,89,84,22,62.5,86,86,92,0,0,0,0,0,0,0,0,0,0,0,0,0,0,0,78,31.2,84,84,87,78,53.2,92,93,89,27,47.1,91,92,89,27,47.2,86,84,0,66,44.8,84,71,87,90,44.7,85,84,88,26,74.1,98,95,88,0,0,0,0,0,
95, City,18,32,95,56.7,83,83,7.1,17.9,68,88,4.7,142,70,55,73.9,80,80,88,0,0,0,0,0,0,0,0,0,0,0,0,0,0,0,0,0,0,0,0,0,0,0,0,0,0,0,0,0,0,0,0,0,0,0,0,0,0,0,0,73,60.2,73,75,85,0,0,0,0,0,0,0,0,0,0,104,40.9,79,79,80,43,65.8,87,85,87,0,0,0,0,0,0,0,0,0,0,0,0,0,0,0,0,0,0,0,0,66,50.9,73,75,92,0,0,0,0,0,0,0,0,0,0,51,44.6,83,80,82,56,60.4,82,86,83,0,0,0,0,0,0,0,0,0,0,54,58,84,82,87,0,0,0,0,0,0,0,0,0,0,0,0,0,0,0,0,0,0,0,0,0,0,0,0,0,32,73.7,95,92,89,0,0,0,0,0,0,0,0,0,0,0,0,0,0,0,18,71.5,75,73,0,61,51.6,87,87,86,65,58.9,80,71,0,0,0,0,0,0,0,0,0,0,0,28,82,95,87,0,28,60.6,92,89,91,0,0,0,0,0,0,0,0,0,0,0,0,0,0,0,68,51.9,85,87,91,51,61.7,87,87,93,0,0,0,0,0,0,0,0,0,0,0,0,0,0,0,82,51.4,87,86,88,0,0,0,0,0,0,0,0,0,0,
96,Glasgow Caledonian,99,89,96,56.1,82,81,3.5,19.2,70,90,5,163,66,81,66.6,83,87,89,0,0,0,0,0,0,0,0,0,0,12,75.6,96,96,0,0,0,0,0,0,0,0,0,0,0,0,0,0,0,0,82,63,88,75,89,26,69.2,84,88,89,96,54.3,79,77,90,0,0,0,0,0,0,0,0,0,0,89,48.5,73,68,87,0,0,0,0,0,0,0,0,0,0,0,0,0,0,0,0,0,0,0,0,0,0,0,0,0,0,0,0,0,0,0,0,0,0,0,0,0,0,0,0,14,70.3,82,92,0,44,71.1,89,89,94,16,51,83,86,0,0,0,0,0,0,60,51.1,84,82,85,0,0,0,0,0,0,0,0,0,0,0,0,0,0,0,0,0,0,0,0,0,0,0,0,0,49,61.8,84,84,97,0,0,0,0,0,0,0,0,0,0,21,76.9,83,85,85,0,0,0,0,0,0,0,0,0,0,0,0,0,0,0,0,0,0,0,0,0,0,0,0,0,0,0,0,0,0,54,46.9,85,82,87,0,0,0,0,0,0,0,0,0,0,0,0,0,0,0,0,0,0,0,0,61,58.2,87,86,90,0,0,0,0,0,0,0,0,0,0,2,98.6,86,82,94,64,61.2,91,94,93,0,0,0,0,0,0,0,0,0,0,
97,Glynd?r,119,121,97,56,85,81,1.8,19.2,64,84,4.4,104,75,54,74,89,83,0,0,0,0,0,0,0,0,0,0,0,0,0,0,0,0,0,0,0,0,0,0,0,0,0,0,30,51.4,88,85,0,0,0,0,0,0,0,0,0,0,0,119,42.6,77,86,0,0,0,0,0,0,0,0,0,0,0,83,49.7,88,87,80,21,72.7,90,93,88,0,0,0,0,0,69,42.5,80,77,85,0,0,0,0,0,0,0,0,0,0,0,0,0,0,0,39,64.9,95,94,92,0,0,0,0,0,0,0,0,0,0,0,0,0,0,0,0,0,0,0,0,0,0,0,0,0,30,73.7,87,94,0,0,0,0,0,0,0,0,0,0,0,0,0,0,0,0,0,0,0,0,0,0,0,0,0,0,22,77.7,98,90,85,0,0,0,0,0,0,0,0,0,0,0,0,0,0,0,0,0,0,0,0,0,0,0,0,0,75,53.5,76,64,90,0,0,0,0,0,0,0,0,0,0,0,0,0,0,0,0,0,0,0,0,0,0,0,0,0,0,0,0,0,0,0,0,0,0,0,0,0,0,0,0,95,48.2,91,89,87,0,0,0,0,0,0,0,0,0,0,50,54.9,81,73,84,0,0,0,0,0,62,60.8,82,77,79,0,0,0,0,0,
98,Birmingham City,105,101,97,56,85,83,6.1,18.1,71,88,4.6,128,74,87,64.9,86,91,87,0,0,0,0,0,0,0,0,0,0,0,0,0,0,0,0,0,0,0,0,39,49.2,90,88,89,59,42.5,80,82,92,0,0,0,0,0,19,75,88,80,87,103,52,84,87,87,0,0,0,0,0,0,0,0,0,0,105,40,69,65,86,32,69.8,89,87,87,0,0,0,0,0,72,33.9,83,78,91,3,93.4,95,91,92,0,0,0,0,0,70,45.9,80,78,0,17,76,86,84,91,0,0,0,0,0,0,0,0,0,0,46,69.3,83,82,85,0,0,0,0,0,0,0,0,0,0,46,61.3,70,76,92,93,54.3,91,82,88,47,36.5,82,78,87,63,66.6,77,69,0,0,0,0,0,0,0,0,0,0,0,58,54.6,85,77,89,0,0,0,0,0,0,0,0,0,0,0,0,0,0,0,0,0,0,0,0,0,0,0,0,0,74,54.1,82,76,83,0,0,0,0,0,0,0,0,0,0,17,85.9,97,92,91,18,65.9,93,88,89,0,0,0,0,0,0,0,0,0,0,0,0,0,0,0,0,0,0,0,0,80,53,93,91,89,0,0,0,0,0,0,0,0,0,0,43,61.2,78,68,95,71,57.7,92,92,89,0,0,0,0,0,0,0,0,0,0,
99,Cardiff Met,91,87,99,55.8,82,82,4.9,16.5,63,87,5.6,125,69,98,54.6,67,79,90,6,81.5,79,79,0,0,0,0,0,0,0,0,0,0,0,0,0,0,0,0,14,71.6,94,94,0,40,47.8,92,83,88,45,76,94,92,92,0,0,0,0,0,114,46.8,78,82,87,0,0,0,0,0,0,0,0,0,0,69,54.9,76,78,84,0,0,0,0,0,0,0,0,0,0,35,68.6,87,87,89,0,0,0,0,0,0,0,0,0,0,36,70.3,77,78,0,76,35.8,79,78,84,0,0,0,0,0,0,0,0,0,0,0,0,0,0,0,0,0,0,0,0,0,0,0,0,0,0,0,0,0,0,88,58.5,88,87,0,23,72.2,88,88,0,0,0,0,0,0,0,0,0,0,0,0,0,0,0,0,44,65.3,87,86,91,0,0,0,0,0,0,0,0,0,0,24,73.5,79,85,86,0,0,0,0,0,0,0,0,0,0,0,0,0,0,0,0,0,0,0,0,0,0,0,0,0,0,0,0,0,0,0,0,0,0,0,0,0,0,0,0,0,0,0,0,0,0,0,0,0,0,0,0,0,0,0,109,39,78,66,89,0,0,0,0,0,0,0,0,0,0,71,39.8,79,75,84,0,0,0,0,0,31,73.5,86,86,88,0,0,0,0,0,
100,Greenwich,98,95,100,54.7,81,80,3.8,17.9,66,89,6.4,131,71,65,71.5,82,81,87,0,0,0,0,0,0,0,0,0,0,0,0,0,0,0,0,0,0,0,0,34,52.9,87,82,88,0,0,0,0,0,48,73.5,84,84,86,40,60.2,75,69,91,94,54.8,74,75,86,28,69.3,77,75,92,0,0,0,0,0,87,49.3,78,76,86,51,60.6,77,75,88,0,0,0,0,0,70,35.4,79,69,0,47,71.8,81,77,90,0,0,0,0,0,67,50.4,72,78,91,77,35.5,79,76,89,0,0,0,0,0,13,71.1,87,82,0,30,75.6,78,76,87,13,61.3,71,62,86,0,0,0,0,0,16,81.5,90,79,88,82,60.8,84,83,92,0,0,0,0,0,65,63.3,67,65,89,22,71.4,96,98,0,0,0,0,0,0,61,53.3,88,81,0,82,51.9,88,88,84,0,0,0,0,0,26,72.3,78,80,86,0,0,0,0,0,6,83.7,93,96,94,81,47.8,76,75,86,0,0,0,0,0,0,0,0,0,0,0,0,0,0,0,57,45.2,88,81,94,0,0,0,0,0,0,0,0,0,0,0,0,0,0,0,27,67.5,97,96,0,103,43.7,79,77,88,0,0,0,0,0,0,0,0,0,0,51,54.8,91,85,83,62,61.4,77,75,0,64,59.8,76,73,83,0,0,0,0,0,
101,Newman,110,110,101,54.6,86,83,3.8,16,63,89,3.7,118,70,0,0,0,0,0,0,0,0,0,0,0,0,0,0,0,0,0,0,0,0,0,0,0,0,0,0,0,0,0,0,0,0,0,0,0,0,0,0,0,0,0,0,0,0,0,121,40.9,55,73,0,0,0,0,0,0,0,0,0,0,0,0,0,0,0,0,30,70.4,89,82,0,0,0,0,0,0,0,0,0,0,0,32,76.2,96,79,0,0,0,0,0,0,0,0,0,0,0,60,51.4,82,78,94,0,0,0,0,0,0,0,0,0,0,0,0,0,0,0,0,0,0,0,0,0,0,0,0,0,0,0,0,0,0,57,67.6,93,94,85,0,0,0,0,0,0,0,0,0,0,0,0,0,0,0,0,0,0,0,0,61,53.3,85,82,0,45,68.4,96,95,0,0,0,0,0,0,0,0,0,0,0,0,0,0,0,0,0,0,0,0,0,0,0,0,0,0,0,0,0,0,0,0,0,0,0,0,0,0,0,0,0,0,0,0,0,0,0,0,0,0,0,0,0,0,0,0,0,0,0,0,0,0,0,0,0,0,86,50.3,82,77,87,10,69.4,95,93,0,0,0,0,0,0,69,42.3,82,80,85,0,0,0,0,0,65,59.2,87,81,82,0,0,0,0,0,
102,Suffolk,97,115,102,54.3,81,78,6,17.6,66,84,3.7,118,72,0,0,0,0,0,0,0,0,0,0,0,0,0,0,0,0,0,0,0,0,0,0,0,0,0,0,0,0,0,0,55,44.6,80,80,0,104,36.4,65,56,85,0,0,0,0,0,100,52.4,70,73,78,0,0,0,0,0,0,0,0,0,0,72,54.6,82,76,82,31,70.2,86,85,0,0,0,0,0,0,26,75.3,93,95,84,0,0,0,0,0,0,0,0,0,0,0,0,0,0,0,0,0,0,0,0,0,0,0,0,0,0,0,0,0,0,0,0,0,0,0,0,0,0,0,0,0,0,0,0,0,0,0,0,0,0,33,73.1,100,100,0,0,0,0,0,0,10,91.6,91,86,0,0,0,0,0,0,0,0,0,0,0,28,75.9,90,90,97,5,85.1,97,94,0,0,0,0,0,0,28,71.8,62,69,0,0,0,0,0,0,0,0,0,0,0,0,0,0,0,0,0,0,0,0,0,0,0,0,0,0,0,0,0,0,0,66,36.2,67,58,89,0,0,0,0,0,0,0,0,0,0,0,0,0,0,0,0,0,0,0,0,69,56.2,93,90,0,0,0,0,0,0,0,0,0,0,0,47,56.8,80,76,78,74,56,87,88,84,37,71.1,88,85,73,0,0,0,0,0,
103,Bath Spa,66,97,103,53.8,86,82,4.8,19.9,64,92,5.6,122,75,93,60.5,81,83,0,0,0,0,0,0,0,0,0,0,0,0,0,0,0,0,0,0,0,0,0,0,0,0,0,0,44,47.5,90,80,90,88,62.3,88,88,89,0,0,0,0,0,102,52.1,83,82,91,0,0,0,0,0,0,0,0,0,0,0,0,0,0,0,52,59.2,93,88,0,0,0,0,0,0,58,51.3,83,82,87,73,60.8,84,72,93,0,0,0,0,0,0,0,0,0,0,58,52.2,85,83,89,0,0,0,0,0,0,0,0,0,0,0,0,0,0,0,0,0,0,0,0,0,0,0,0,0,0,0,0,0,0,76,62.5,89,83,93,43,49.2,82,79,96,62,67.5,86,76,0,0,0,0,0,0,64,48.7,79,79,96,0,0,0,0,0,86,48.6,93,92,88,0,0,0,0,0,0,0,0,0,0,45,55.5,81,81,0,0,0,0,0,0,26,74.5,82,75,93,0,0,0,0,0,0,0,0,0,0,35,74.2,91,87,95,0,0,0,0,0,0,0,0,0,0,0,0,0,0,0,0,0,0,0,0,0,0,0,0,0,98,47.4,85,84,90,21,54.1,92,91,90,0,0,0,0,0,0,0,0,0,0,59,62.1,93,88,93,0,0,0,0,0,0,0,0,0,0,
104,Anglia Ruskin,66,72,103,53.8,87,83,6.7,18.2,68,84,5.2,105,77,101,51.3,85,82,80,0,0,0,0,0,0,0,0,0,0,21,56.5,87,83,0,0,0,0,0,0,40,45.7,87,78,0,41,47.6,87,92,0,98,56.5,90,87,84,12,78.8,95,97,0,95,54.6,87,88,73,0,0,0,0,0,0,0,0,0,0,66,55.9,90,88,78,24,71.8,86,85,86,0,0,0,0,0,61,50.2,90,87,83,84,49.1,81,70,84,0,0,0,0,0,0,0,0,0,0,61,51,88,72,87,0,0,0,0,0,46,50.6,83,85,0,0,0,0,0,0,0,0,0,0,0,0,0,0,0,0,24,76.3,89,92,0,95,53.8,92,82,85,37,60,90,87,0,64,66.3,71,60,0,43,50.5,82,76,88,0,0,0,0,0,59,54.4,90,87,90,44,68.5,98,96,94,0,0,0,0,0,23,73.8,87,93,80,56,47.1,84,80,86,0,0,0,0,0,73,54.2,83,81,85,0,0,0,0,0,0,0,0,0,0,76,48.5,72,60,83,26,61,86,81,92,0,0,0,0,0,20,52.7,92,91,0,0,0,0,0,0,0,0,0,0,0,102,43.9,90,85,90,0,0,0,0,0,19,66.9,86,85,0,55,51.9,84,74,81,70,59.3,86,86,86,11,84.7,95,94,83,0,0,0,0,0,
105,Edinburgh Napier,70,83,105,53.6,85,81,4.3,18.8,66,88,5.8,146,70,100,52.5,79,80,84,0,0,0,0,0,0,0,0,0,0,0,0,0,0,0,0,0,0,0,0,0,0,0,0,0,0,0,0,0,0,82,63,91,82,88,41,57.7,90,91,86,74,59.8,81,78,92,0,0,0,0,0,0,0,0,0,0,96,46.9,79,77,77,45,64.4,91,84,93,0,0,0,0,0,46,61.7,84,79,94,0,0,0,0,0,0,0,0,0,0,0,0,0,0,0,0,0,0,0,0,0,0,0,0,0,28,63,95,96,85,0,0,0,0,0,19,38.9,87,86,80,0,0,0,0,0,0,0,0,0,0,37,71.5,96,95,92,0,0,0,0,0,5,95.4,82,72,0,0,0,0,0,0,0,0,0,0,0,0,0,0,0,0,0,0,0,0,0,0,0,0,0,0,14,82.7,79,86,93,23,69.6,80,65,0,0,0,0,0,0,25,74.6,72,65,0,0,0,0,0,0,37,75.6,86,81,0,49,69.6,90,87,87,64,38.6,83,77,88,0,0,0,0,0,0,0,0,0,0,0,0,0,0,0,0,0,0,0,0,92,48.8,92,86,87,0,0,0,0,0,0,0,0,0,0,0,0,0,0,0,61,61.6,91,84,90,41,68.9,89,83,91,0,0,0,0,0,
106, Hull,71,84,106,53.5,85,84,4,18.3,76,90,4,123,70,76,69,88,94,90,0,0,0,0,0,7,69.8,93,91,88,0,0,0,0,0,0,0,0,0,0,0,0,0,0,0,0,0,0,0,0,81,63.4,86,81,95,0,0,0,0,0,48,65,80,85,91,48,54.6,87,88,95,0,0,0,0,0,91,48.4,81,83,90,54,55.7,80,77,83,0,0,0,0,0,0,0,0,0,0,27,79,95,100,92,25,50.2,91,83,0,53,63.7,80,87,90,78,34.5,72,64,91,20,39.3,86,81,93,0,0,0,0,0,58,58.3,82,79,0,0,0,0,0,0,0,0,0,0,0,42,64.9,79,81,90,96,52.4,90,83,91,0,0,0,0,0,0,0,0,0,0,0,0,0,0,0,50,64,95,96,95,0,0,0,0,0,38,70.7,95,96,93,0,0,0,0,0,0,0,0,0,0,0,0,0,0,0,66,35.1,73,71,0,54,62.8,81,75,0,0,0,0,0,0,58,62.8,84,80,95,58,66,86,89,90,56,46.6,89,82,89,0,0,0,0,0,35,40.8,87,83,0,41,36.5,90,85,92,64,53.5,86,89,93,107,40.7,79,75,90,0,0,0,0,0,0,0,0,0,0,52,54.6,86,82,88,76,55,80,77,0,44,68.6,94,90,83,0,0,0,0,0,
107,Brighton,91,91,107,53.4,84,80,3.4,18.2,68,90,5.2,117,69,104,37.3,67,65,88,0,0,0,0,0,0,0,0,0,0,0,0,0,0,0,0,0,0,0,0,45,39.8,91,86,90,19,59.5,92,83,91,60,70.6,89,82,92,39,60.7,86,79,83,85,57.2,80,80,90,31,67.2,87,86,93,0,0,0,0,0,102,42.7,71,71,88,59,48.6,86,79,88,0,0,0,0,0,38,65,88,85,91,0,0,0,0,0,35,28.7,86,75,94,0,0,0,0,0,16,76.3,93,93,92,0,0,0,0,0,23,65.9,86,78,92,59,53.6,79,67,0,21,33.6,59,50,90,0,0,0,0,0,0,0,0,0,0,101,50,89,83,90,17,76.2,88,85,92,60,68.5,80,70,87,0,0,0,0,0,47,64.9,92,90,91,30,74.8,91,86,97,73,56.3,77,72,90,24,36.1,77,72,0,37,63.9,84,84,85,50,53.1,81,81,90,63,47.5,84,84,92,83,44.7,80,78,82,0,0,0,0,0,57,63,83,83,0,64,63.6,84,71,0,60,42.6,83,70,94,18,69.4,84,76,98,40,34.3,89,81,86,0,0,0,0,0,63,54.1,81,93,0,93,48.7,85,82,92,0,0,0,0,0,0,0,0,0,0,76,32.6,85,77,84,88,47.3,88,85,85,24,75.1,88,88,90,0,0,0,0,0,
108,Canterbury Christ Church,109,109,108,53,85,82,4.5,15.2,64,87,5.3,108,73,97,56.8,72,79,93,0,0,0,0,0,14,32.7,97,86,80,0,0,0,0,0,0,0,0,0,0,0,0,0,0,0,61,40.5,87,80,0,101,50,82,77,89,0,0,0,0,0,112,48.1,80,80,83,0,0,0,0,0,0,0,0,0,0,106,30.3,64,67,83,18,74,91,92,87,0,0,0,0,0,65,47,86,76,0,76,57.7,75,71,91,0,0,0,0,0,0,0,0,0,0,42,63.6,85,85,91,0,0,0,0,0,0,0,0,0,0,0,0,0,0,0,0,0,0,0,0,0,0,0,0,0,0,0,0,0,0,87,58.6,90,78,90,0,0,0,0,0,48,77.9,80,73,88,0,0,0,0,0,61,53.6,86,83,0,53,59.8,86,77,90,62,61.4,97,95,87,0,0,0,0,0,42,57.1,78,80,84,52,51.1,66,59,86,0,0,0,0,0,67,57.4,80,87,84,0,0,0,0,0,0,0,0,0,0,75,51.9,74,73,86,51,49.9,89,83,87,0,0,0,0,0,0,0,0,0,0,0,0,0,0,0,39,62,92,91,91,75,53.9,88,82,89,33,37.8,98,95,78,0,0,0,0,0,54,52.5,81,81,85,45,67.3,91,92,89,70,52,83,84,79,0,0,0,0,0,
109,Roehampton,90,93,109,52.8,83,82,6.5,14.7,69,88,3.8,109,67,61,72.3,74,83,86,0,0,0,0,0,0,0,0,0,0,0,0,0,0,0,8,84.3,96,101,0,0,0,0,0,0,0,0,0,0,0,65,68.6,85,91,92,0,0,0,0,0,111,48.5,69,74,82,0,0,0,0,0,5,80.7,94,96,0,0,0,0,0,0,57,54.2,79,77,88,0,0,0,0,0,0,0,0,0,0,61,67.2,89,81,87,0,0,0,0,0,0,0,0,0,0,62,49.3,81,81,90,0,0,0,0,0,0,0,0,0,0,0,0,0,0,0,0,0,0,0,0,0,0,0,0,0,0,0,0,0,0,59,67.2,94,93,89,0,0,0,0,0,20,88.1,89,77,89,0,0,0,0,0,0,0,0,0,0,0,0,0,0,0,54,64.8,88,84,92,0,0,0,0,0,0,0,0,0,0,37,62,94,95,89,0,0,0,0,0,72,54.4,90,91,88,0,0,0,0,0,41,73.7,88,85,0,0,0,0,0,0,0,0,0,0,0,0,0,0,0,0,41,32,85,84,0,0,0,0,0,0,0,0,0,0,0,71,55.6,85,85,93,34,33.7,87,79,0,0,0,0,0,0,0,0,0,0,0,84,50.9,79,77,87,52,66.2,82,80,80,0,0,0,0,0,
110,South Wales,111,116,109,52.8,82,79,3.8,14.4,61,89,3.9,129,73,63,71.6,85,86,92,0,0,0,0,0,0,0,0,0,0,0,0,0,0,0,0,0,0,0,0,0,0,0,0,0,63,37.2,86,90,0,80,63.5,76,79,93,20,74.8,89,82,0,116,46,70,60,86,35,65.3,94,92,90,0,0,0,0,0,67,55.6,79,82,84,60,48.4,85,82,83,0,0,0,0,0,62,49.6,76,66,91,82,51.7,76,71,86,29,48.2,88,86,0,0,0,0,0,0,70,43.3,83,76,89,0,0,0,0,0,26,63.9,89,88,0,62,37.7,56,45,87,0,0,0,0,0,0,0,0,0,0,67,35.2,59,54,84,32,73.2,91,86,91,49,34.5,76,66,91,37,82.6,80,78,93,45,44.6,87,88,85,29,74.6,84,87,0,2,98.9,84,84,0,80,52.6,95,96,89,0,0,0,0,0,31,67.3,81,73,0,42,57.8,87,77,90,17,78.3,95,100,94,66,58.1,73,62,89,0,0,0,0,0,0,0,0,0,0,74,52.7,73,67,84,19,65.7,91,93,94,0,0,0,0,0,0,0,0,0,0,0,0,0,0,0,0,0,0,0,0,57,58.6,88,85,91,25,48.9,83,87,0,0,0,0,0,0,63,48.7,85,83,90,81,52,85,76,0,73,48.3,80,84,81,0,0,0,0,0,
111,Northampton,73,105,111,52.3,83,83,5,18.7,63,88,6.1,107,73,71,69.8,86,83,88,0,0,0,0,0,0,0,0,0,0,0,0,0,0,0,0,0,0,0,0,0,0,0,0,0,53,45.5,86,81,83,100,53.6,86,78,84,0,0,0,0,0,101,52.3,75,72,89,0,0,0,0,0,0,0,0,0,0,76,52.9,75,70,85,62,39.1,89,90,78,0,0,0,0,0,64,48.1,90,81,86,74,60,86,80,91,0,0,0,0,0,0,0,0,0,0,67,45.8,84,84,92,0,0,0,0,0,0,0,0,0,0,0,0,0,0,0,20,35.9,64,70,0,0,0,0,0,0,0,0,0,0,0,79,61.7,95,92,87,0,0,0,0,0,0,0,0,0,0,0,0,0,0,0,60,54.3,88,87,93,24,77.3,83,81,91,78,54.1,98,93,89,0,0,0,0,0,38,62.6,74,84,84,31,65.5,83,81,0,0,0,0,0,0,39,69.7,74,82,89,0,0,0,0,0,0,0,0,0,0,33,74.8,95,86,0,16,66.9,86,84,91,0,0,0,0,0,0,0,0,0,0,0,0,0,0,0,0,0,0,0,0,114,30.1,80,76,90,0,0,0,0,0,24,59.3,82,78,86,64,47.7,81,75,94,50,65.8,94,97,0,67,53.1,81,83,79,0,0,0,0,0,
112,Middlesex,74,70,112,52.1,80,80,6.8,16.6,58,84,4.4,118,72,79,67.5,80,88,83,0,0,0,0,0,0,0,0,0,0,0,0,0,0,0,0,0,0,0,0,0,0,0,0,0,48,46.5,75,76,0,76,65.6,91,93,0,0,0,0,0,0,109,49.4,76,78,81,0,0,0,0,0,0,0,0,0,0,85,49.6,79,81,82,49,61.6,84,85,83,0,0,0,0,0,28,75.1,90,88,83,58,68.1,89,85,82,0,0,0,0,0,33,71.9,74,80,0,72,41.7,87,90,89,0,0,0,0,0,0,0,0,0,0,0,0,0,0,0,0,0,0,0,0,0,0,0,0,0,61,50.2,61,55,0,105,34.2,75,60,0,36,62.2,90,88,84,3,96.9,89,90,87,0,0,0,0,0,0,0,0,0,0,69,42.3,80,75,88,0,0,0,0,0,0,0,0,0,0,36,64.2,81,89,87,61,32.8,66,64,85,0,0,0,0,0,63,59.4,78,74,86,0,0,0,0,0,0,0,0,0,0,61,65,84,78,78,49,51.3,82,73,86,0,0,0,0,0,0,0,0,0,0,0,0,0,0,0,56,56.5,87,86,0,105,41.9,82,80,82,0,0,0,0,0,0,0,0,0,0,41,61.6,88,83,85,87,48,80,83,82,69,52.4,72,75,77,0,0,0,0,0,
113,Bedfordshire,113,98,113,49.4,83,82,5.9,17.6,69,85,5.7,95,72,103,41,76,70,87,0,0,0,0,0,0,0,0,0,0,0,0,0,0,0,0,0,0,0,0,0,0,0,0,0,0,0,0,0,0,102,48.7,82,80,90,0,0,0,0,0,115,46.2,81,78,78,0,0,0,0,0,0,0,0,0,0,92,48.1,73,71,77,0,0,0,0,0,0,0,0,0,0,73,33.3,78,78,87,63,66.9,86,79,88,0,0,0,0,0,0,0,0,0,0,38,65.4,91,91,92,0,0,0,0,0,0,0,0,0,0,7,91.8,90,93,0,0,0,0,0,0,0,0,0,0,0,0,0,0,0,0,91,56.1,90,86,89,0,0,0,0,0,0,0,0,0,0,0,0,0,0,0,0,0,0,0,0,0,0,0,0,0,0,0,0,0,0,0,0,0,0,0,48,36.1,72,71,77,19,71.3,88,93,86,0,0,0,0,0,71,54.9,78,79,78,0,0,0,0,0,0,0,0,0,0,0,0,0,0,0,48,51.5,83,76,91,0,0,0,0,0,0,0,0,0,0,0,0,0,0,0,0,0,0,0,0,110,38.9,86,81,81,0,0,0,0,0,29,38.1,78,76,92,6,91.9,96,97,87,55,63.6,92,90,81,39,69.3,87,85,80,0,0,0,0,0,
114,West of Scotland,103,104,114,48.4,87,84,4,22.1,72,84,5,138,74,49,75.1,90,91,0,0,0,0,0,0,0,0,0,0,0,0,0,0,0,0,0,0,0,0,0,0,0,0,0,0,0,0,0,0,0,52,72,91,91,0,0,0,0,0,0,118,43.9,76,79,80,45,59.4,94,87,0,0,0,0,0,0,95,47.4,78,74,77,0,0,0,0,0,0,0,0,0,0,0,0,0,0,0,70,62.1,73,63,0,0,0,0,0,0,0,0,0,0,0,23,70.7,91,91,96,5,55.2,96,94,0,5,80.7,95,100,0,0,0,0,0,0,0,0,0,0,0,0,0,0,0,0,55,57.5,79,84,0,0,0,0,0,0,0,0,0,0,0,39,82,78,57,0,39,54.2,93,91,0,0,0,0,0,0,70,38.3,84,94,91,0,0,0,0,0,0,0,0,0,0,40,59.2,87,85,0,57,46.8,77,67,0,0,0,0,0,0,23,75.2,79,74,0,0,0,0,0,0,0,0,0,0,0,81,36.6,75,66,83,63,39.2,92,88,84,0,0,0,0,0,0,0,0,0,0,0,0,0,0,0,75,36.1,89,83,0,99,46.3,95,89,0,0,0,0,0,0,0,0,0,0,0,48,56.5,88,81,89,67,59.7,91,89,87,58,62.8,90,89,0,0,0,0,0,0,
115,Birkbeck,0,113,115,47.7,87,84,3.9,15.8,72,78,2.7,92,68,86,65.4,88,87,81,0,0,0,0,0,0,0,0,0,0,0,0,0,0,0,0,0,0,0,0,0,0,0,0,0,0,0,0,0,0,91,60.5,79,72,91,0,0,0,0,0,120,41.6,84,85,76,0,0,0,0,0,0,0,0,0,0,0,0,0,0,0,0,0,0,0,0,0,0,0,0,0,0,0,0,0,0,0,0,0,0,0,0,0,0,0,0,69,48.1,83,85,83,0,0,0,0,0,0,0,0,0,0,0,0,0,0,0,0,0,0,0,0,0,0,0,0,0,0,0,0,0,0,0,0,0,0,0,78,61.8,92,86,91,0,0,0,0,0,0,0,0,0,0,0,0,0,0,0,0,0,0,0,0,0,0,0,0,0,67,59.1,96,94,0,0,0,0,0,0,0,0,0,0,0,0,0,0,0,0,0,0,0,0,0,44,68.1,91,83,0,0,0,0,0,0,59,59.8,81,79,79,0,0,0,0,0,0,0,0,0,0,0,0,0,0,0,25,49.9,97,96,0,0,0,0,0,0,62,54.6,90,92,86,104,42.1,83,86,81,0,0,0,0,0,0,0,0,0,0,0,0,0,0,0,0,0,0,0,0,0,0,0,0,0,0,0,0,0,0,
116,Wolverhampton,0,0,116,46.5,83,82,4.6,20,66,85,4.7,108,71,87,64.9,89,86,86,0,0,0,0,0,0,0,0,0,0,0,0,0,0,0,0,0,0,0,0,43,43,84,68,0,27,51.9,86,86,92,97,58.8,86,85,89,42,56.5,88,91,81,122,39.9,79,81,81,0,0,0,0,0,0,0,0,0,0,93,47.9,74,78,82,0,0,0,0,0,0,0,0,0,0,53,54.5,87,84,85,83,50.9,96,90,81,0,0,0,0,0,0,0,0,0,0,47,59.7,82,83,91,0,0,0,0,0,36,59.3,85,87,0,0,0,0,0,0,0,0,0,0,0,0,0,0,0,0,51,60.4,76,77,0,84,60,90,93,85,14,78,87,84,0,66,56.2,70,77,83,0,0,0,0,0,0,0,0,0,0,68,43,84,80,0,91,40,83,82,87,0,0,0,0,0,0,0,0,0,0,0,0,0,0,0,25,75.8,92,92,0,61,60.1,68,75,85,0,0,0,0,0,0,0,0,0,0,78,48,88,76,86,61,42.4,86,82,90,32,50.9,77,81,91,0,0,0,0,0,0,0,0,0,0,0,0,0,0,0,43,64.2,87,91,90,13,67.4,90,91,0,28,41.7,86,67,76,65,47.1,80,76,86,78,53.8,92,91,87,71,51.9,85,82,78,0,0,0,0,0,
117,London Met,118,117,117,44,81,78,2.7,21.6,66,82,3.6,98,71,63,71.6,84,80,87,0,0,0,0,0,0,0,0,0,0,0,0,0,0,0,0,0,0,0,0,37,51.1,91,87,85,4,69.9,95,92,0,93,60.2,84,83,90,0,0,0,0,0,108,49.6,81,73,80,53,47.3,89,94,0,0,0,0,0,0,100,44.5,81,79,79,63,36.7,86,84,77,0,0,0,0,0,75,32.9,88,78,78,35,75.1,94,83,0,0,0,0,0,0,32,73,92,91,0,79,31.3,83,86,85,0,0,0,0,0,0,0,0,0,0,0,0,0,0,0,0,0,0,0,0,0,0,0,0,0,0,0,0,0,0,69,64.2,92,83,0,41,53.5,83,78,0,52,76.3,83,83,0,0,0,0,0,0,0,0,0,0,0,0,0,0,0,0,0,0,0,0,0,0,0,0,0,0,45,51.3,79,78,83,44,57.5,75,76,0,56,56.4,79,84,0,70,55.6,78,79,78,0,0,0,0,0,32,78.1,86,74,0,44,71.4,88,70,0,0,0,0,0,0,36,34.8,81,84,0,0,0,0,0,0,0,0,0,0,0,73,41.8,89,92,85,111,37.4,85,79,80,0,0,0,0,0,30,35.3,76,72,85,74,34,66,59,82,72,57.5,86,84,87,49,67.4,93,93,76,0,0,0,0,0,
118,Cumbria,117,118,118,43.9,81,77,3.1,16.7,69,87,3.2,118,71,0,0,0,0,0,16,49.8,78,67,85,0,0,0,0,0,0,0,0,0,0,0,0,0,0,0,0,0,0,0,0,60,42.2,78,75,0,95,59.4,85,84,0,0,0,0,0,0,60,62.3,91,91,0,0,0,0,0,0,0,0,0,0,0,0,0,0,0,0,0,0,0,0,0,0,0,0,0,0,71,34.3,80,70,91,78,57,80,75,91,0,0,0,0,0,0,0,0,0,0,64,48.4,78,77,92,0,0,0,0,0,0,0,0,0,0,0,0,0,0,0,0,0,0,0,0,0,0,0,0,0,0,0,0,0,0,0,0,0,0,0,0,0,0,0,0,67,41,59,41,82,0,0,0,0,0,0,0,0,0,0,55,56.8,79,76,91,0,0,0,0,0,0,0,0,0,0,0,0,0,0,0,0,0,0,0,0,0,0,0,0,0,37,70.5,94,88,0,0,0,0,0,0,0,0,0,0,0,56,66.3,84,76,0,69,28.6,77,76,87,0,0,0,0,0,0,0,0,0,0,0,0,0,0,0,0,0,0,0,0,16,74.8,91,92,0,0,0,0,0,0,0,0,0,0,0,77,31.9,79,74,79,0,0,0,0,0,75,46.7,83,76,81,0,0,0,0,0,
119,York St John,104,119,119,43.6,85,82,3.3,17.4,56,91,3.4,114,73,0,0,0,0,0,0,0,0,0,0,0,0,0,0,0,0,0,0,0,0,0,0,0,0,0,0,0,0,0,0,36,49.2,87,76,0,0,0,0,0,0,0,0,0,0,0,104,51,82,82,90,0,0,0,0,0,0,0,0,0,0,0,0,0,0,0,0,0,0,0,0,0,0,0,0,0,44,62.3,74,71,95,38,74.7,93,87,0,0,0,0,0,0,0,0,0,0,0,63,48.6,88,82,96,0,0,0,0,0,0,0,0,0,0,0,0,0,0,0,0,0,0,0,0,0,0,0,0,0,0,0,0,0,0,94,53.9,90,86,94,0,0,0,0,0,46,78.1,0,0,0,0,0,0,0,0,0,0,0,0,0,66,46.5,84,79,92,94,38.5,88,89,90,0,0,0,0,0,0,0,0,0,0,0,0,0,0,0,0,0,0,0,0,41,68.6,89,86,93,0,0,0,0,0,61,54.3,91,90,95,72,52.8,80,82,89,0,0,0,0,0,0,0,0,0,0,0,0,0,0,0,0,0,0,0,0,0,0,0,0,0,100,44.6,88,84,92,36,29.5,91,78,90,0,0,0,0,0,0,0,0,0,0,0,0,0,0,0,76,35.2,75,70,85,0,0,0,0,0,
120,Leeds Beckett,114,114,120,43.5,84,82,3.7,19.4,62,85,4,114,71,95,59.8,89,91,85,0,0,0,0,0,0,0,0,0,0,0,0,0,0,0,0,0,0,0,0,38,50.2,90,87,84,64,37,83,83,84,91,60.5,88,87,90,31,65.6,81,78,86,117,44,77,76,85,0,0,0,0,0,0,0,0,0,0,99,44.8,84,80,79,64,34.2,83,81,89,0,0,0,0,0,67,45.1,85,82,88,77,57.2,90,84,0,0,0,0,0,0,65,54.8,83,86,91,68,45.7,83,84,90,0,0,0,0,0,52,32.3,85,78,79,49,67.9,87,83,0,0,0,0,0,0,0,0,0,0,0,0,0,0,0,0,97,51.7,94,91,87,40,54.7,85,82,88,58,73,78,66,87,0,0,0,0,0,0,0,0,0,0,65,48.6,86,85,92,84,50,94,94,88,0,0,0,0,0,39,62.3,83,83,83,21,70.4,88,90,87,0,0,0,0,0,56,62.4,86,92,86,0,0,0,0,0,0,0,0,0,0,42,71.9,87,86,0,39,55.1,89,87,88,0,0,0,0,0,0,0,0,0,0,0,0,0,0,0,71,44.4,88,78,0,113,32.4,82,74,93,0,0,0,0,0,0,0,0,0,0,40,62.8,81,79,87,89,46.8,85,75,85,68,52.7,86,85,83,0,0,0,0,0,
121,Bucks New University,116,120,121,32.6,78,72,6.6,16,61,85,3.4,111,67,99,53.4,74,65,85,0,0,0,0,0,0,0,0,0,0,0,0,0,0,0,0,0,0,0,0,0,0,0,0,0,0,0,0,0,0,0,0,0,0,0,0,0,0,0,0,123,31.1,66,57,81,0,0,0,0,0,0,0,0,0,0,89,48.5,82,80,78,0,0,0,0,0,0,0,0,0,0,60,50.3,82,73,85,85,46.1,82,72,89,0,0,0,0,0,0,0,0,0,0,0,0,0,0,0,0,0,0,0,0,0,0,0,0,0,0,0,0,0,0,0,0,0,0,0,0,0,0,0,0,0,0,0,0,0,0,0,0,0,0,31,65.1,82,73,0,49,77.6,77,71,0,0,0,0,0,0,0,0,0,0,0,0,0,0,0,0,0,0,0,0,0,0,0,0,0,0,47,44.1,78,71,86,0,0,0,0,0,0,0,0,0,0,85,34.6,57,53,85,0,0,0,0,0,0,0,0,0,0,0,0,0,0,0,67,33.4,85,82,92,0,0,0,0,0,0,0,0,0,0,0,0,0,0,0,0,0,0,0,0,105,41.9,87,80,82,0,0,0,0,0,0,0,0,0,0,59,50.6,83,85,0,91,33.4,74,65,80,74,48.1,76,62,78,0,0,0,0,0,
